/*M!999999\- enable the sandbox mode */ 
-- MariaDB dump 10.19  Distrib 10.11.13-MariaDB, for debian-linux-gnu (x86_64)
--
-- Host: localhost    Database: reservas
-- ------------------------------------------------------
-- Server version	10.11.13-MariaDB-0ubuntu0.24.04.1

/*!40101 SET @OLD_CHARACTER_SET_CLIENT=@@CHARACTER_SET_CLIENT */;
/*!40101 SET @OLD_CHARACTER_SET_RESULTS=@@CHARACTER_SET_RESULTS */;
/*!40101 SET @OLD_COLLATION_CONNECTION=@@COLLATION_CONNECTION */;
/*!40101 SET NAMES utf8mb4 */;
/*!40103 SET @OLD_TIME_ZONE=@@TIME_ZONE */;
/*!40103 SET TIME_ZONE='+00:00' */;
/*!40014 SET @OLD_UNIQUE_CHECKS=@@UNIQUE_CHECKS, UNIQUE_CHECKS=0 */;
/*!40014 SET @OLD_FOREIGN_KEY_CHECKS=@@FOREIGN_KEY_CHECKS, FOREIGN_KEY_CHECKS=0 */;
/*!40101 SET @OLD_SQL_MODE=@@SQL_MODE, SQL_MODE='NO_AUTO_VALUE_ON_ZERO' */;
/*!40111 SET @OLD_SQL_NOTES=@@SQL_NOTES, SQL_NOTES=0 */;

--
-- Table structure for table `administradores`
--

DROP TABLE IF EXISTS `administradores`;
/*!40101 SET @saved_cs_client     = @@character_set_client */;
/*!40101 SET character_set_client = utf8mb4 */;
CREATE TABLE `administradores` (
  `id_admin` int(11) NOT NULL AUTO_INCREMENT,
  `nombre` varchar(100) NOT NULL,
  `email` varchar(100) NOT NULL,
  `contraseña` varchar(255) NOT NULL,
  `fecha_registro` timestamp NOT NULL DEFAULT current_timestamp(),
  PRIMARY KEY (`id_admin`),
  UNIQUE KEY `email` (`email`)
) ENGINE=InnoDB AUTO_INCREMENT=3 DEFAULT CHARSET=utf8mb4 COLLATE=utf8mb4_general_ci;
/*!40101 SET character_set_client = @saved_cs_client */;

--
-- Dumping data for table `administradores`
--

LOCK TABLES `administradores` WRITE;
/*!40000 ALTER TABLE `administradores` DISABLE KEYS */;
INSERT INTO `administradores` VALUES
(1,'Admin1','admin1@example.com','adminpass1','2024-10-01 08:56:27'),
(2,'Admin2','admin2@example.com','adminpass2','2024-10-01 08:56:27');
/*!40000 ALTER TABLE `administradores` ENABLE KEYS */;
UNLOCK TABLES;

--
-- Table structure for table `espacios`
--

DROP TABLE IF EXISTS `espacios`;
/*!40101 SET @saved_cs_client     = @@character_set_client */;
/*!40101 SET character_set_client = utf8mb4 */;
CREATE TABLE `espacios` (
  `id_espacio` int(11) NOT NULL AUTO_INCREMENT,
  `nombre` varchar(100) NOT NULL,
  `color` varchar(7) DEFAULT '#ffffff',
  PRIMARY KEY (`id_espacio`)
) ENGINE=InnoDB AUTO_INCREMENT=10 DEFAULT CHARSET=utf8mb4 COLLATE=utf8mb4_general_ci;
/*!40101 SET character_set_client = @saved_cs_client */;

--
-- Dumping data for table `espacios`
--

LOCK TABLES `espacios` WRITE;
/*!40000 ALTER TABLE `espacios` DISABLE KEYS */;
INSERT INTO `espacios` VALUES
(1,'Sala Audiovisuales','#fc0328'),
(2,'Salón Champagnat','#0040ff'),
(3,'Sala Hermitage','#ab00fa'),
(4,'Biblioteca P5','#447e45'),
(5,'Patio Columnas','#ff8800'),
(9,'Festivo','#c3c346');
/*!40000 ALTER TABLE `espacios` ENABLE KEYS */;
UNLOCK TABLES;

--
-- Table structure for table `permisos_espacios`
--

DROP TABLE IF EXISTS `permisos_espacios`;
/*!40101 SET @saved_cs_client     = @@character_set_client */;
/*!40101 SET character_set_client = utf8mb4 */;
CREATE TABLE `permisos_espacios` (
  `id_permiso` int(11) NOT NULL AUTO_INCREMENT,
  `id_usuario` int(11) NOT NULL,
  `id_espacio` int(11) NOT NULL,
  `puede_borrar` tinyint(1) DEFAULT 0,
  `puede_autorizar` tinyint(1) DEFAULT 0,
  PRIMARY KEY (`id_permiso`),
  KEY `id_usuario` (`id_usuario`),
  KEY `id_espacio` (`id_espacio`),
  CONSTRAINT `permisos_espacios_ibfk_1` FOREIGN KEY (`id_usuario`) REFERENCES `usuarios` (`id_usuario`),
  CONSTRAINT `permisos_espacios_ibfk_2` FOREIGN KEY (`id_espacio`) REFERENCES `espacios` (`id_espacio`)
) ENGINE=InnoDB AUTO_INCREMENT=249 DEFAULT CHARSET=utf8mb4 COLLATE=utf8mb4_general_ci;
/*!40101 SET character_set_client = @saved_cs_client */;

--
-- Dumping data for table `permisos_espacios`
--

LOCK TABLES `permisos_espacios` WRITE;
/*!40000 ALTER TABLE `permisos_espacios` DISABLE KEYS */;
INSERT INTO `permisos_espacios` VALUES
(50,11,1,1,1),
(51,11,2,1,1),
(52,11,3,1,1),
(53,11,4,1,1),
(54,11,5,1,1),
(198,9,1,0,1),
(199,9,2,1,0),
(229,2,4,1,1),
(230,2,5,1,1),
(231,10,1,1,1),
(232,10,2,1,1),
(233,10,3,1,1),
(234,10,4,1,1),
(235,10,5,1,1),
(236,10,9,1,1),
(243,34,1,1,1),
(244,34,2,1,1),
(245,34,3,1,1),
(246,34,4,1,1),
(247,34,5,1,1),
(248,34,9,1,1);
/*!40000 ALTER TABLE `permisos_espacios` ENABLE KEYS */;
UNLOCK TABLES;

--
-- Table structure for table `reservas`
--

DROP TABLE IF EXISTS `reservas`;
/*!40101 SET @saved_cs_client     = @@character_set_client */;
/*!40101 SET character_set_client = utf8mb4 */;
CREATE TABLE `reservas` (
  `esp_numero` int(11) NOT NULL AUTO_INCREMENT,
  `id_usuario` int(11) NOT NULL,
  `id_espacio` varchar(255) DEFAULT NULL,
  `fecha` date NOT NULL,
  `hora_inicio` time NOT NULL,
  `hora_fin` time NOT NULL,
  `estado` enum('confirmado','pendiente','cancelada') DEFAULT 'pendiente',
  `fecha_reserva` date NOT NULL DEFAULT curdate(),
  `fecha_autorizacion` timestamp NULL DEFAULT NULL,
  `lugar` varchar(255) NOT NULL,
  `observaciones` varchar(255) DEFAULT NULL,
  PRIMARY KEY (`esp_numero`),
  KEY `id_usuario` (`id_usuario`),
  KEY `id_espacio` (`id_espacio`),
  CONSTRAINT `reservas_ibfk_1` FOREIGN KEY (`id_usuario`) REFERENCES `usuarios` (`id_usuario`) ON DELETE CASCADE
) ENGINE=InnoDB AUTO_INCREMENT=985 DEFAULT CHARSET=utf8mb4 COLLATE=utf8mb4_general_ci;
/*!40101 SET character_set_client = @saved_cs_client */;

--
-- Dumping data for table `reservas`
--

LOCK TABLES `reservas` WRITE;
/*!40000 ALTER TABLE `reservas` DISABLE KEYS */;
INSERT INTO `reservas` VALUES
(38,12,'Miércoles_17:00_18:30_Sala Audiovisuales','2024-11-26','17:00:00','18:30:00','confirmado','2024-11-27','2024-11-26 12:32:02','Sala Audiovisuales','Politeia'),
(39,12,'Martes_16:30_18:30_Salón Champagnat','2024-11-26','16:30:00','18:30:00','confirmado','2024-11-26','2024-11-26 13:23:24','Salón Champagnat','Politeia'),
(40,12,'Jueves_16:30_18:30_Salón Champagnat','2024-11-26','16:30:00','18:30:00','confirmado','2024-11-28','2024-11-26 13:23:25','Salón Champagnat','Politeia'),
(41,12,'Jueves_13:30_14:30_Salón Champagnat','2024-11-26','13:30:00','14:30:00','confirmado','2024-11-28','2024-11-26 13:23:26','Salón Champagnat','Marta Alvarez'),
(42,12,'Viernes_08:00_12:00_Salón Champagnat','2024-11-26','08:00:00','12:00:00','confirmado','2024-11-29','2024-11-26 13:23:26','Salón Champagnat','Teatro Infantil Sonia Larragueta'),
(43,12,'Viernes_12:00_20:00_Salón Champagnat','2024-11-26','12:00:00','20:00:00','confirmado','2024-11-29','2024-11-26 13:23:27','Salón Champagnat','Teatro Con los ojos María'),
(44,12,'Martes_16:00_18:30_Salón Champagnat','2024-11-26','16:00:00','18:30:00','confirmado','2024-11-03','2024-11-26 13:23:28','Salón Champagnat','Politeia'),
(46,12,'Jueves_08:00_13:30_Salón Champagnat','2024-11-26','08:00:00','13:30:00','confirmado','2024-12-05','2024-11-26 13:23:29','Salón Champagnat','Teatro Encarna'),
(47,11,'Jueves_16:00_18:30_Salón Champagnat','2024-11-26','16:00:00','18:30:00','confirmado','2024-12-05','2024-11-26 13:38:42','Salón Champagnat','Politeia'),
(48,11,'Viernes_00:00_23:00_Salón Champagnat','2024-11-26','00:00:00','23:00:00','confirmado','2024-12-06','2024-11-26 13:38:54','Salón Champagnat','Día Festivo'),
(49,11,'Lunes_15:00_16:10_Salón Champagnat','2024-11-26','15:00:00','16:10:00','confirmado','2024-12-09','2024-11-26 13:38:55','Salón Champagnat','Madres Teatro Infantil (Rocío)'),
(50,11,'Miércoles_14:00_16:20_Salón Champagnat','2024-11-26','14:00:00','16:20:00','confirmado','2024-12-11','2024-11-26 13:42:58','Salón Champagnat',''),
(51,11,'Jueves_13:30_14:00_Salón Champagnat','2024-11-26','13:30:00','14:00:00','confirmado','2024-12-12','2024-11-26 13:42:58','Salón Champagnat','Marta Alvarez'),
(52,11,'Jueves_14:00_16:00_Salón Champagnat','2024-11-26','14:00:00','16:00:00','confirmado','2024-12-12','2024-11-26 13:42:59','Salón Champagnat','Montaje festival Infantil'),
(55,12,'Viernes_15:00_18:30_Salón Champagnat','2024-11-26','15:00:00','18:30:00','confirmado','2024-12-13','2024-11-26 13:55:50','Salón Champagnat','Festival Navidad Larpi'),
(56,12,'Martes_09:00_11:00_Salón Champagnat','2024-11-26','09:00:00','11:00:00','confirmado','2024-12-10','2024-11-26 14:10:56','Salón Champagnat','Conferencia Movil\\r\\nAlberto Barrero'),
(57,12,'Miércoles_09:00_11:00_Salón Champagnat','2024-11-26','09:00:00','11:00:00','confirmado','2024-12-11','2024-11-26 14:10:57','Salón Champagnat','Conferencia móvil\\r\\nAlberto Barrero'),
(58,12,'Viernes_08:30_11:30_Salón Champagnat','2024-11-26','08:30:00','11:30:00','confirmado','2024-12-13','2024-11-26 14:10:58','Salón Champagnat','Festival Navidad Infantil'),
(59,12,'Viernes_10:00_16:30_Patio Columnas','2024-11-26','10:00:00','16:30:00','confirmado','2024-12-13','2024-11-26 14:10:59','Patio Columnas','Infantil'),
(60,12,'Viernes_09:00_10:00_Biblioteca P5','2024-11-26','09:00:00','10:00:00','confirmado','2024-12-13','2024-11-26 14:12:23','Biblioteca P5','MK'),
(61,12,'Lunes_11:00_13:00_Salón Champagnat','2024-11-26','11:00:00','13:00:00','confirmado','2024-12-16','2024-11-26 14:28:52','Salón Champagnat','Teatro ingles ESO 1, 2, Andrea'),
(62,12,'Miércoles_16:00_18:30_Salón Champagnat','2024-11-26','16:00:00','18:30:00','confirmado','2024-12-18','2024-11-26 14:28:53','Salón Champagnat','Concierto de adviento'),
(64,12,'Jueves_08:00_13:00_Salón Champagnat','2024-11-26','08:00:00','13:00:00','confirmado','2024-12-19','2024-11-26 14:28:54','Salón Champagnat','Festival primaria 1.2.5.6'),
(65,12,'Jueves_18:30_20:00_Salón Champagnat','2024-11-26','18:30:00','20:00:00','confirmado','2024-12-19','2024-11-26 14:28:55','Salón Champagnat','Festival Ludens'),
(67,12,'Viernes_10:30_13:00_Salón Champagnat','2024-11-26','10:30:00','13:00:00','confirmado','2024-12-20','2024-11-26 14:28:57','Salón Champagnat','Festival ESO'),
(69,12,'Jueves_15:00_16:30_Sala Audiovisuales','2024-11-26','15:00:00','16:30:00','confirmado','2024-11-28','2024-11-26 14:31:42','Sala Audiovisuales','Madres Teatro Infantil Rocio.'),
(70,12,'Viernes_08:00_09:00_Sala Audiovisuales','2024-11-26','08:00:00','09:00:00','confirmado','2024-11-29','2024-11-26 14:31:42','Sala Audiovisuales','Pedro Pablo'),
(71,12,'Viernes_11:00_14:00_Sala Audiovisuales','2024-11-26','11:00:00','14:00:00','confirmado','2024-11-29','2024-11-26 14:31:43','Sala Audiovisuales','Cine'),
(73,12,'Martes_12:00_13:30_Sala Audiovisuales','2024-11-26','12:00:00','13:30:00','confirmado','2024-12-03','2024-11-27 06:47:51','Sala Audiovisuales','Charla discapacidad ESO'),
(74,12,'Martes_13:30_14:30_Sala Audiovisuales','2024-11-26','13:30:00','14:30:00','confirmado','2024-12-03','2024-11-27 06:47:52','Sala Audiovisuales','Ballet'),
(75,12,'Miércoles_16:00_18:30_Sala Audiovisuales','2024-11-26','16:00:00','18:30:00','confirmado','2024-12-04','2024-11-27 06:47:53','Sala Audiovisuales','Politeia'),
(76,12,'Viernes_00:00_23:59_Sala Audiovisuales','2024-11-26','00:00:00','23:59:00','confirmado','2024-12-06','2024-11-27 06:47:54','Sala Audiovisuales','Festivo'),
(77,11,'Miércoles_09:00_10:00_Sala Hermitage','2024-11-27','09:00:00','10:00:00','confirmado','2024-11-27','2024-11-27 06:47:49','Sala Hermitage','Andrea León'),
(78,11,'Jueves_10:30_11:30_Salón Champagnat','2024-11-27','10:30:00','11:30:00','confirmado','2024-11-28',NULL,'Salón Champagnat','Nacho coro'),
(81,2,'2024-11-28_23:00_23:30_Sala Audiovisuales','2024-11-28','23:00:00','23:30:00','cancelada','2024-11-28',NULL,'Sala Audiovisuales','Prueba'),
(85,11,'2024-12-10_16:30_18:30_Salón Champagnat','2024-12-09','16:30:00','18:30:00','confirmado','2024-12-10',NULL,'Salón Champagnat','Politeia'),
(86,11,'2024-12-12_16:30_18:30_Salón Champagnat','2024-12-09','16:30:00','18:30:00','confirmado','2024-12-12',NULL,'Salón Champagnat','Politeia'),
(87,11,'2024-12-17_16:30_18:30_Salón Champagnat','2024-12-09','16:30:00','18:30:00','confirmado','2024-12-17',NULL,'Salón Champagnat','Politeia'),
(88,11,'2024-12-19_16:30_18:30_Salón Champagnat','2024-12-09','16:30:00','18:30:00','confirmado','2024-12-19',NULL,'Salón Champagnat','Politeia'),
(89,11,'2024-12-19_18:30_20:00_Salón Champagnat','2024-12-09','18:30:00','20:00:00','confirmado','2024-12-19',NULL,'Salón Champagnat','Francisco Carrasco Festival navidad'),
(90,11,'2024-12-18_18:30_23:00_Salón Champagnat','2024-12-09','18:30:00','23:00:00','confirmado','2024-12-18',NULL,'Salón Champagnat','Colegio Farmaceuticos'),
(91,11,'2024-12-11_16:30_18:00_Salón Champagnat','2024-12-09','16:30:00','18:00:00','confirmado','2024-12-11',NULL,'Salón Champagnat','Ensayo Larpi'),
(92,11,'2024-12-09_09:30_11:30_Sala Audiovisuales','2024-12-09','09:30:00','11:30:00','confirmado','2024-12-09',NULL,'Sala Audiovisuales','CSIE'),
(93,11,'2024-12-10_13:30_14:30_Sala Audiovisuales','2024-12-09','13:30:00','14:30:00','confirmado','2024-12-10',NULL,'Sala Audiovisuales','Ballet'),
(94,11,'2024-12-10_16:30_18:00_Sala Audiovisuales','2024-12-09','16:30:00','18:00:00','confirmado','2024-12-10',NULL,'Sala Audiovisuales','Reunión Comuniones'),
(95,11,'2024-12-09_18:00_20:00_Sala Audiovisuales','2024-12-09','18:00:00','20:00:00','confirmado','2024-12-09',NULL,'Sala Audiovisuales','Asamblea Ampa'),
(96,11,'2024-12-11_16:30_18:30_Sala Audiovisuales','2024-12-09','16:30:00','18:30:00','confirmado','2024-12-11',NULL,'Sala Audiovisuales','Politeia'),
(97,11,'2024-12-09_09:00_10:00_Biblioteca P5','2024-12-09','09:00:00','10:00:00','confirmado','2024-12-09',NULL,'Biblioteca P5','TIAC'),
(98,11,'2024-12-10_12:00_13:30_Biblioteca P5','2024-12-09','12:00:00','13:30:00','confirmado','2024-12-10',NULL,'Biblioteca P5','seminario Lengua Pedro Pablo'),
(99,11,'2024-12-11_16:30_18:30_Biblioteca P5','2024-12-09','16:30:00','18:30:00','confirmado','2024-12-11',NULL,'Biblioteca P5','GME Padres'),
(100,11,'2024-12-12_10:30_14:00_Biblioteca P5','2024-12-09','10:30:00','14:00:00','confirmado','2024-12-12',NULL,'Biblioteca P5','Equipo directivo'),
(101,11,'2024-12-13_09:00_10:00_Biblioteca P5','2024-12-09','09:00:00','10:00:00','confirmado','2024-12-13',NULL,'Biblioteca P5','MK'),
(102,11,'2024-12-13_15:00_18:00_Biblioteca P5','2024-12-09','15:00:00','18:00:00','confirmado','2024-12-13',NULL,'Biblioteca P5','Grupos Marcha'),
(103,11,'2024-12-09_13:30_16:30_Patio Columnas','2024-12-09','13:30:00','16:30:00','confirmado','2024-12-09',NULL,'Patio Columnas','Infantil'),
(104,11,'2024-12-10_10:30_16:30_Patio Columnas','2024-12-09','10:30:00','16:30:00','confirmado','2024-12-10',NULL,'Patio Columnas','Infantil'),
(105,11,'2024-12-11_10:30_16:30_Patio Columnas','2024-12-09','10:30:00','16:30:00','confirmado','2024-12-11',NULL,'Patio Columnas','Infantil'),
(106,11,'2024-12-12_10:30_16:30_Patio Columnas','2024-12-09','10:30:00','16:30:00','confirmado','2024-12-12',NULL,'Patio Columnas','Infantil'),
(107,11,'2024-12-13_10:30_16:30_Patio Columnas','2024-12-09','10:30:00','16:30:00','confirmado','2024-12-13',NULL,'Patio Columnas','Infantil'),
(108,11,'2024-12-13_16:30_18:30_Patio Columnas','2024-12-09','16:30:00','18:30:00','confirmado','2024-12-13',NULL,'Patio Columnas','Grupos Marcha'),
(109,12,'2024-12-16_16:30_17:30_Salón Champagnat','2024-12-09','16:30:00','17:30:00','confirmado','2024-12-16',NULL,'Salón Champagnat','Ensayo Ludens'),
(110,12,'2024-12-17_13:30_14:30_Sala Audiovisuales','2024-12-09','13:30:00','14:30:00','confirmado','2024-12-17',NULL,'Sala Audiovisuales','Ballet'),
(111,12,'2024-12-18_16:30_18:30_Sala Audiovisuales','2024-12-09','16:30:00','18:30:00','confirmado','2024-12-18',NULL,'Sala Audiovisuales','Politeia'),
(112,12,'2024-12-16_09:00_10:00_Biblioteca P5','2024-12-09','09:00:00','10:00:00','confirmado','2024-12-16',NULL,'Biblioteca P5','TIAC'),
(113,12,'2024-12-17_12:00_13:30_Biblioteca P5','2024-12-09','12:00:00','13:30:00','confirmado','2024-12-17',NULL,'Biblioteca P5','Seminario de Lengua \\r\\nPedro Pablo'),
(114,12,'2024-12-19_11:00_14:00_Biblioteca P5','2024-12-09','11:00:00','14:00:00','confirmado','2024-12-19',NULL,'Biblioteca P5','Equipo Directivo'),
(115,12,'2024-12-20_09:00_10:00_Biblioteca P5','2024-12-09','09:00:00','10:00:00','confirmado','2024-12-20',NULL,'Biblioteca P5','MK'),
(116,12,'2024-12-20_15:00_18:00_Biblioteca P5','2024-12-09','15:00:00','18:00:00','confirmado','2024-12-20',NULL,'Biblioteca P5','Grupos Marcha'),
(117,12,'2024-12-16_10:00_16:30_Patio Columnas','2024-12-09','10:00:00','16:30:00','confirmado','2024-12-16',NULL,'Patio Columnas','Infantil'),
(118,12,'2024-12-17_10:00_16:30_Patio Columnas','2024-12-09','10:00:00','16:30:00','confirmado','2024-12-17',NULL,'Patio Columnas','Infantil'),
(119,12,'2024-12-18_10:00_16:30_Patio Columnas','2024-12-09','10:00:00','16:30:00','confirmado','2024-12-18',NULL,'Patio Columnas','Infantil'),
(120,12,'2024-12-19_10:00_16:30_Patio Columnas','2024-12-09','10:00:00','16:30:00','confirmado','2024-12-19',NULL,'Patio Columnas','Infantil'),
(121,12,'2024-12-20_10:00_16:30_Patio Columnas','2024-12-09','10:00:00','16:30:00','confirmado','2024-12-20',NULL,'Patio Columnas','Infantil'),
(122,12,'2025-01-14_16:30_18:30_Salón Champagnat','2024-12-09','16:30:00','18:30:00','confirmado','2025-01-14',NULL,'Salón Champagnat','Politeia'),
(124,12,'2024-12-16_16:30_18:30_Salón Champagnat','2024-12-09','16:30:00','18:30:00','confirmado','2024-12-16',NULL,'Salón Champagnat','Politeia'),
(125,12,'2025-01-21_16:30_18:30_Salón Champagnat','2024-12-09','16:30:00','18:30:00','confirmado','2025-01-21',NULL,'Salón Champagnat','Politeia'),
(127,12,'2025-01-28_16:30_18:30_Salón Champagnat','2024-12-09','16:30:00','18:30:00','confirmado','2025-01-28',NULL,'Salón Champagnat','Politeia'),
(128,12,'2025-01-30_16:30_18:30_Salón Champagnat','2024-12-09','16:30:00','18:30:00','confirmado','2025-01-30',NULL,'Salón Champagnat','Politeia'),
(129,12,'2025-01-16_16:30_18:30_Salón Champagnat','2024-12-09','16:30:00','18:30:00','confirmado','2025-01-16',NULL,'Salón Champagnat','Politeia'),
(130,12,'2025-01-23_16:30_18:30_Salón Champagnat','2024-12-09','16:30:00','18:30:00','confirmado','2025-01-23',NULL,'Salón Champagnat','Politeia'),
(131,12,'2025-01-14_09:00_10:00_Sala Hermitage','2024-12-09','09:00:00','10:00:00','confirmado','2025-01-14',NULL,'Sala Hermitage','CNP E3A E3B Adicciones Pablo Beltran'),
(132,12,'2025-01-15_09:00_10:00_Sala Hermitage','2024-12-09','09:00:00','10:00:00','confirmado','2025-01-15',NULL,'Sala Hermitage','CNP E4A E4B Violencia de Genero Pablo Beltran'),
(133,12,'2025-01-10_11:00_14:00_Sala Audiovisuales','2024-12-09','11:00:00','14:00:00','confirmado','2025-01-10',NULL,'Sala Audiovisuales','Cine'),
(134,12,'2025-01-14_09:00_10:00_Sala Audiovisuales','2024-12-09','09:00:00','10:00:00','confirmado','2025-01-14',NULL,'Sala Audiovisuales','CNP E3C E3D Adicciones Pablo Beltran'),
(136,12,'2025-01-14_13:30_14:30_Sala Audiovisuales','2024-12-09','13:30:00','14:30:00','confirmado','2025-01-14',NULL,'Sala Audiovisuales','Ballet'),
(137,12,'2025-01-08_16:30_18:00_Biblioteca P5','2024-12-09','16:30:00','18:00:00','confirmado','2025-01-08',NULL,'Biblioteca P5','GME Padres'),
(138,12,'2025-01-09_11:00_14:00_Biblioteca P5','2024-12-09','11:00:00','14:00:00','confirmado','2025-01-09',NULL,'Biblioteca P5','Equipo Directivo'),
(139,12,'2025-01-10_09:00_10:00_Biblioteca P5','2024-12-09','09:00:00','10:00:00','confirmado','2025-01-10',NULL,'Biblioteca P5','MK'),
(140,11,'2025-02-04_16:30_18:30_Salón Champagnat','2024-12-09','16:30:00','18:30:00','confirmado','2025-02-04',NULL,'Salón Champagnat','Politeia'),
(141,12,'2025-01-10_15:00_18:00_Biblioteca P5','2024-12-09','15:00:00','18:00:00','confirmado','2025-01-10',NULL,'Biblioteca P5','Grupos Marcha'),
(142,11,'2025-02-06_11:00_13:00_Salón Champagnat','2024-12-09','11:00:00','13:00:00','confirmado','2025-02-06',NULL,'Salón Champagnat','Teatro Inglés E3 y E4 Andrea León'),
(143,11,'2025-02-06_16:30_18:30_Salón Champagnat','2024-12-09','16:30:00','18:30:00','confirmado','2025-02-06',NULL,'Salón Champagnat','Politeia'),
(144,11,'2025-02-11_16:30_18:30_Salón Champagnat','2024-12-09','16:30:00','18:30:00','confirmado','2025-02-11',NULL,'Salón Champagnat','Politeia'),
(145,12,'2025-01-13_09:00_10:00_Biblioteca P5','2024-12-09','09:00:00','10:00:00','confirmado','2025-01-13',NULL,'Biblioteca P5','TIAC'),
(146,11,'2025-02-13_16:30_18:30_Salón Champagnat','2024-12-09','16:30:00','18:30:00','confirmado','2025-02-13',NULL,'Salón Champagnat','Politeia'),
(147,11,'2025-02-18_16:30_18:30_Salón Champagnat','2024-12-09','16:30:00','18:30:00','confirmado','2025-02-18',NULL,'Salón Champagnat','Politeia'),
(148,11,'2025-02-20_16:30_18:30_Salón Champagnat','2024-12-09','16:30:00','18:30:00','confirmado','2025-02-20',NULL,'Salón Champagnat','Politeia'),
(149,12,'2025-01-14_12:00_13:30_Biblioteca P5','2024-12-09','12:00:00','13:30:00','confirmado','2025-01-14',NULL,'Biblioteca P5','Seminario de Lengua Pedro Pablo'),
(150,11,'2025-02-25_16:30_18:30_Salón Champagnat','2024-12-09','16:30:00','18:30:00','confirmado','2025-02-25',NULL,'Salón Champagnat','Politeia'),
(151,12,'2025-01-16_11:00_14:00_Biblioteca P5','2024-12-09','11:00:00','14:00:00','confirmado','2025-01-16',NULL,'Biblioteca P5','Equipo Directivo'),
(152,11,'2025-02-27_16:30_18:30_Salón Champagnat','2024-12-09','16:30:00','18:30:00','confirmado','2025-02-27',NULL,'Salón Champagnat','Politeia'),
(153,11,'2025-02-28_00:00_23:59_Festivo','2024-12-09','00:00:00','23:59:00','confirmado','2025-02-28',NULL,'Festivo','Festivo'),
(154,12,'2025-01-17_09:00_10:00_Biblioteca P5','2024-12-09','09:00:00','10:00:00','confirmado','2025-01-17',NULL,'Biblioteca P5','MK'),
(155,12,'2025-01-17_15:00_18:00_Biblioteca P5','2024-12-09','15:00:00','18:00:00','confirmado','2025-01-17',NULL,'Biblioteca P5','Grupos Marcha'),
(156,11,'2025-02-04_13:30_14:30_Sala Audiovisuales','2024-12-09','13:30:00','14:30:00','confirmado','2025-02-04',NULL,'Sala Audiovisuales','Ballet'),
(157,12,'2025-01-20_09:00_10:00_Biblioteca P5','2024-12-09','09:00:00','10:00:00','confirmado','2025-01-20',NULL,'Biblioteca P5','TIAC'),
(158,12,'2025-01-21_12:00_13:30_Biblioteca P5','2024-12-09','12:00:00','13:30:00','confirmado','2025-01-21',NULL,'Biblioteca P5','Seminario de Lengua Pedro Pablo'),
(160,11,'2025-02-11_13:30_14:30_Sala Audiovisuales','2024-12-09','13:30:00','14:30:00','confirmado','2025-02-11',NULL,'Sala Audiovisuales','Ballet'),
(161,12,'2025-01-23_11:00_14:00_Biblioteca P5','2024-12-09','11:00:00','14:00:00','confirmado','2025-01-23',NULL,'Biblioteca P5','Equipo Directivo'),
(162,12,'2025-01-24_09:00_10:00_Biblioteca P5','2024-12-09','09:00:00','10:00:00','confirmado','2025-01-24',NULL,'Biblioteca P5','MK'),
(163,11,'2025-02-18_13:30_14:30_Sala Audiovisuales','2024-12-09','13:30:00','14:30:00','confirmado','2025-02-18',NULL,'Sala Audiovisuales','Ballet'),
(164,11,'2025-02-21_11:00_14:00_Sala Audiovisuales','2024-12-09','11:00:00','14:00:00','confirmado','2025-02-21',NULL,'Sala Audiovisuales','Cine'),
(165,12,'2025-01-24_15:00_18:00_Biblioteca P5','2024-12-09','15:00:00','18:00:00','confirmado','2025-01-24',NULL,'Biblioteca P5','Grupos Marcha'),
(166,11,'2025-02-25_13:30_14:30_Sala Audiovisuales','2024-12-09','13:30:00','14:30:00','confirmado','2025-02-25',NULL,'Sala Audiovisuales','Ballet'),
(167,12,'2025-01-27_09:00_10:00_Biblioteca P5','2024-12-09','09:00:00','10:00:00','confirmado','2025-01-27',NULL,'Biblioteca P5','TIAC'),
(168,12,'2025-01-28_12:00_13:30_Biblioteca P5','2024-12-09','12:00:00','13:30:00','confirmado','2025-01-28',NULL,'Biblioteca P5','Seminario de Lengua Pedro Pablo'),
(169,12,'2025-01-30_11:00_14:00_Biblioteca P5','2024-12-09','11:00:00','14:00:00','confirmado','2025-01-30',NULL,'Biblioteca P5','Equipo Directivo'),
(170,12,'2025-01-31_09:00_10:00_Biblioteca P5','2024-12-09','09:00:00','10:00:00','confirmado','2025-01-31',NULL,'Biblioteca P5','MK'),
(171,12,'2025-01-31_15:00_18:00_Biblioteca P5','2024-12-09','15:00:00','18:00:00','confirmado','2025-01-31',NULL,'Biblioteca P5','Grupos Marcha'),
(172,11,'2025-02-03_09:00_10:00_Biblioteca P5','2024-12-09','09:00:00','10:00:00','confirmado','2025-02-03',NULL,'Biblioteca P5','TIAC'),
(173,11,'2025-02-04_12:30_13:30_Biblioteca P5','2024-12-09','12:30:00','13:30:00','confirmado','2025-02-04',NULL,'Biblioteca P5','Seminario lengua Pedro Pablo'),
(174,11,'2025-02-06_11:00_14:00_Biblioteca P5','2024-12-09','11:00:00','14:00:00','confirmado','2025-02-06',NULL,'Biblioteca P5','Equipo Directivo'),
(175,11,'2025-02-07_09:00_10:00_Biblioteca P5','2024-12-09','09:00:00','10:00:00','confirmado','2025-02-07',NULL,'Biblioteca P5','MK'),
(176,11,'2025-02-07_15:00_18:00_Biblioteca P5','2024-12-09','15:00:00','18:00:00','confirmado','2025-02-07',NULL,'Biblioteca P5','Grupos Marcha'),
(177,11,'2025-02-10_09:00_10:00_Biblioteca P5','2024-12-09','09:00:00','10:00:00','confirmado','2025-02-10',NULL,'Biblioteca P5','TIAC'),
(178,11,'2025-02-11_12:30_13:30_Biblioteca P5','2024-12-09','12:30:00','13:30:00','confirmado','2025-02-11',NULL,'Biblioteca P5','Seminario Lengua Pedro Pablo'),
(179,11,'2025-02-12_16:30_18:00_Biblioteca P5','2024-12-09','16:30:00','18:00:00','confirmado','2025-02-12',NULL,'Biblioteca P5','GME Padres'),
(180,11,'2025-02-13_11:30_14:00_Biblioteca P5','2024-12-09','11:30:00','14:00:00','confirmado','2025-02-13',NULL,'Biblioteca P5','Equipo Directivo'),
(181,11,'2025-02-14_09:00_10:00_Biblioteca P5','2024-12-09','09:00:00','10:00:00','confirmado','2025-02-14',NULL,'Biblioteca P5','MK'),
(182,11,'2025-02-14_15:30_18:00_Biblioteca P5','2024-12-09','15:30:00','18:00:00','confirmado','2025-02-14',NULL,'Biblioteca P5','Grupos Marcha'),
(183,12,'2025-01-08_10:00_16:30_Patio Columnas','2024-12-09','10:00:00','16:30:00','confirmado','2025-01-08',NULL,'Patio Columnas','Infantil\\r\\n'),
(184,12,'2025-01-09_10:00_16:30_Patio Columnas','2024-12-09','10:00:00','16:30:00','confirmado','2025-01-09',NULL,'Patio Columnas','Infantil'),
(185,11,'2025-02-17_09:00_10:00_Biblioteca P5','2024-12-09','09:00:00','10:00:00','confirmado','2025-02-17',NULL,'Biblioteca P5','TIAC'),
(186,12,'2025-01-10_10:00_16:30_Patio Columnas','2024-12-09','10:00:00','16:30:00','confirmado','2025-01-10',NULL,'Patio Columnas','Infantil'),
(187,11,'2025-02-18_12:30_13:30_Biblioteca P5','2024-12-09','12:30:00','13:30:00','confirmado','2025-02-18',NULL,'Biblioteca P5','Seminario Lengua Pedro Pablo'),
(188,12,'2025-01-10_16:30_18:00_Patio Columnas','2024-12-09','16:30:00','18:00:00','confirmado','2025-01-10',NULL,'Patio Columnas','Grupos Marcha'),
(189,11,'2025-02-20_11:30_14:00_Biblioteca P5','2024-12-09','11:30:00','14:00:00','confirmado','2025-02-20',NULL,'Biblioteca P5','Equipo Directivo'),
(190,11,'2025-02-21_09:00_10:00_Biblioteca P5','2024-12-09','09:00:00','10:00:00','confirmado','2025-02-21',NULL,'Biblioteca P5','MK'),
(191,12,'2025-01-13_10:00_16:30_Patio Columnas','2024-12-09','10:00:00','16:30:00','confirmado','2025-01-13',NULL,'Patio Columnas','Infantil'),
(192,12,'2025-01-14_10:00_16:30_Patio Columnas','2024-12-09','10:00:00','16:30:00','confirmado','2025-01-14',NULL,'Patio Columnas','Infantil'),
(193,11,'2025-02-21_15:00_18:00_Biblioteca P5','2024-12-09','15:00:00','18:00:00','confirmado','2025-02-21',NULL,'Biblioteca P5','Grupos Marcha'),
(195,11,'2025-02-24_09:00_10:00_Biblioteca P5','2024-12-09','09:00:00','10:00:00','confirmado','2025-02-24',NULL,'Biblioteca P5','TIAC'),
(196,12,'2025-01-16_10:00_16:30_Patio Columnas','2024-12-09','10:00:00','16:30:00','confirmado','2025-01-16',NULL,'Patio Columnas','Infantil'),
(197,12,'2025-01-17_10:00_16:30_Patio Columnas','2024-12-09','10:00:00','16:30:00','confirmado','2025-01-17',NULL,'Patio Columnas','Infantil'),
(198,11,'2025-02-25_12:30_13:30_Biblioteca P5','2024-12-09','12:30:00','13:30:00','confirmado','2025-02-25',NULL,'Biblioteca P5','Seminario Lengua Pedro Pablo'),
(199,12,'2025-01-17_16:30_18:00_Patio Columnas','2024-12-09','16:30:00','18:00:00','confirmado','2025-01-17',NULL,'Patio Columnas','Grupos Marcha'),
(200,11,'2025-02-27_13:30_14:00_Biblioteca P5','2024-12-09','13:30:00','14:00:00','confirmado','2025-02-27',NULL,'Biblioteca P5','Equipo Directivo'),
(201,12,'2025-01-20_10:00_16:30_Patio Columnas','2024-12-09','10:00:00','16:30:00','confirmado','2025-01-20',NULL,'Patio Columnas','Infantil'),
(202,12,'2025-01-21_10:00_16:30_Patio Columnas','2024-12-09','10:00:00','16:30:00','confirmado','2025-01-21',NULL,'Patio Columnas','Infantil'),
(203,12,'2025-01-22_10:00_16:30_Patio Columnas','2024-12-09','10:00:00','16:30:00','confirmado','2025-01-22',NULL,'Patio Columnas','Infantil'),
(204,12,'2025-01-23_10:00_16:30_Patio Columnas','2024-12-09','10:00:00','16:30:00','confirmado','2025-01-23',NULL,'Patio Columnas','Infantil'),
(205,12,'2025-01-24_10:00_16:30_Patio Columnas','2024-12-09','10:00:00','16:30:00','confirmado','2025-01-24',NULL,'Patio Columnas','Infantil'),
(206,12,'2025-01-24_16:30_18:00_Patio Columnas','2024-12-09','16:30:00','18:00:00','confirmado','2025-01-24',NULL,'Patio Columnas','Infantil'),
(207,12,'2025-01-27_10:00_16:30_Patio Columnas','2024-12-09','10:00:00','16:30:00','confirmado','2025-01-27',NULL,'Patio Columnas','Infantil'),
(208,12,'2025-01-28_10:00_16:30_Patio Columnas','2024-12-09','10:00:00','16:30:00','confirmado','2025-01-28',NULL,'Patio Columnas','Infantil'),
(209,12,'2025-01-29_10:00_16:30_Patio Columnas','2024-12-09','10:00:00','16:30:00','confirmado','2025-01-29',NULL,'Patio Columnas','Infantil'),
(210,12,'2025-01-30_10:00_16:30_Patio Columnas','2024-12-09','10:00:00','16:30:00','confirmado','2025-01-30',NULL,'Patio Columnas','Infantil'),
(211,12,'2025-01-31_10:00_16:30_Patio Columnas','2024-12-09','10:00:00','16:30:00','confirmado','2025-01-31',NULL,'Patio Columnas','Infantil'),
(212,12,'2025-01-31_16:30_18:00_Patio Columnas','2024-12-09','16:30:00','18:00:00','confirmado','2025-01-31',NULL,'Patio Columnas','Grupos Marcha'),
(213,11,'2024-12-18_08:00_10:30_Salón Champagnat','2024-12-09','08:00:00','10:30:00','confirmado','2024-12-18',NULL,'Salón Champagnat','Festival 3º y 4º de Primaria'),
(214,11,'2025-02-03_10:00_16:30_Patio Columnas','2024-12-09','10:00:00','16:30:00','confirmado','2025-02-03',NULL,'Patio Columnas','Infantil'),
(215,11,'2025-02-04_10:00_16:30_Patio Columnas','2024-12-09','10:00:00','16:30:00','confirmado','2025-02-04',NULL,'Patio Columnas','Infantil'),
(216,11,'2025-02-05_10:00_16:30_Patio Columnas','2024-12-09','10:00:00','16:30:00','confirmado','2025-02-05',NULL,'Patio Columnas','Infantil'),
(217,11,'2025-02-06_10:00_16:30_Patio Columnas','2024-12-09','10:00:00','16:30:00','confirmado','2025-02-06',NULL,'Patio Columnas','Infantil'),
(218,11,'2025-02-07_10:00_16:30_Patio Columnas','2024-12-09','10:00:00','16:30:00','confirmado','2025-02-07',NULL,'Patio Columnas','Infantil'),
(219,11,'2025-02-07_16:30_18:30_Patio Columnas','2024-12-09','16:30:00','18:30:00','confirmado','2025-02-07',NULL,'Patio Columnas','Grupos Marcha'),
(220,11,'2025-02-10_10:00_16:30_Patio Columnas','2024-12-09','10:00:00','16:30:00','confirmado','2025-02-10',NULL,'Patio Columnas','Infantil'),
(221,11,'2025-02-11_10:00_16:30_Patio Columnas','2024-12-09','10:00:00','16:30:00','confirmado','2025-02-11',NULL,'Patio Columnas','Infantil'),
(222,11,'2025-02-12_10:00_16:30_Patio Columnas','2024-12-09','10:00:00','16:30:00','confirmado','2025-02-12',NULL,'Patio Columnas','Infantil'),
(223,11,'2025-02-13_10:00_16:30_Patio Columnas','2024-12-09','10:00:00','16:30:00','confirmado','2025-02-13',NULL,'Patio Columnas','Infantil'),
(224,11,'2025-02-14_10:00_16:30_Patio Columnas','2024-12-09','10:00:00','16:30:00','confirmado','2025-02-14',NULL,'Patio Columnas','Infantil'),
(225,11,'2025-02-14_16:30_18:30_Patio Columnas','2024-12-09','16:30:00','18:30:00','confirmado','2025-02-14',NULL,'Patio Columnas','Grupos Marcha'),
(227,12,'2025-03-03_08:00_20:00_Festivo','2024-12-09','08:00:00','20:00:00','confirmado','2025-03-03',NULL,'Festivo','Festivo'),
(228,12,'2025-03-04_16:30_18:00_Sala Audiovisuales','2024-12-09','16:30:00','18:00:00','cancelada','2025-03-04',NULL,'Sala Audiovisuales','Politeia'),
(229,12,'2025-01-05_08:00_16:30_Salón Champagnat','2024-12-09','08:00:00','16:30:00','cancelada','2025-01-05',NULL,'Salón Champagnat','Miercoles de Ceniza\\r\\nJorge Isidro'),
(230,12,'2025-01-04_16:30_18:00_Salón Champagnat','2024-12-09','16:30:00','18:00:00','confirmado','2025-01-04',NULL,'Salón Champagnat','Politeia'),
(231,12,'2025-03-05_08:00_16:30_Salón Champagnat','2024-12-09','08:00:00','16:30:00','confirmado','2025-03-05',NULL,'Salón Champagnat','Miercoles de Ceniza \\r\\nJorge Isidro'),
(232,12,'2025-03-06_16:30_18:00_Salón Champagnat','2024-12-09','16:30:00','18:00:00','confirmado','2025-03-06',NULL,'Salón Champagnat','Politeia'),
(233,12,'2025-03-09_12:00_14:00_Salón Champagnat','2024-12-09','12:00:00','14:00:00','confirmado','2025-03-09',NULL,'Salón Champagnat','Eucaristía Dominical'),
(234,12,'2025-03-11_16:30_18:00_Salón Champagnat','2024-12-09','16:30:00','18:00:00','confirmado','2025-03-11',NULL,'Salón Champagnat','Politeia'),
(235,12,'2025-03-13_16:30_18:00_Salón Champagnat','2024-12-09','16:30:00','18:00:00','confirmado','2025-03-13',NULL,'Salón Champagnat','Politeia'),
(236,12,'2025-03-16_12:00_14:00_Salón Champagnat','2024-12-09','12:00:00','14:00:00','confirmado','2025-03-16',NULL,'Salón Champagnat','Eucaristía Dominical'),
(237,12,'2025-03-23_12:00_14:00_Salón Champagnat','2024-12-09','12:00:00','14:00:00','confirmado','2025-03-23',NULL,'Salón Champagnat','Eucaristía Dominical'),
(238,12,'2025-03-25_16:30_18:00_Salón Champagnat','2024-12-09','16:30:00','18:00:00','confirmado','2025-03-25',NULL,'Salón Champagnat','Politeia'),
(239,12,'2025-03-27_16:30_18:00_Salón Champagnat','2024-12-09','16:30:00','18:00:00','confirmado','2025-03-27',NULL,'Salón Champagnat','Politeia'),
(240,12,'2025-03-29_08:00_20:00_Salón Champagnat','2024-12-09','08:00:00','20:00:00','confirmado','2025-03-29',NULL,'Salón Champagnat','Concierto Solidario'),
(241,12,'2025-03-30_12:00_14:00_Salón Champagnat','2024-12-09','12:00:00','14:00:00','confirmado','2025-03-30',NULL,'Salón Champagnat','Eucaristía Dominical'),
(242,12,'2024-03-30_12:00_14:00_Salón Champagnat','2024-12-09','12:00:00','14:00:00','confirmado','2024-03-30',NULL,'Salón Champagnat','Eucaristía Dominical'),
(243,11,'2024-02-17_10:00_16:30_Patio Columnas','2024-12-09','10:00:00','16:30:00','cancelada','2024-02-17',NULL,'Patio Columnas','Infantil'),
(244,11,'2025-02-18_10:00_16:30_Patio Columnas','2024-12-09','10:00:00','16:30:00','confirmado','2025-02-18',NULL,'Patio Columnas','Infantil'),
(245,11,'2025-02-17_10:00_16:30_Patio Columnas','2024-12-09','10:00:00','16:30:00','confirmado','2025-02-17',NULL,'Patio Columnas','Infantil'),
(246,12,'2025-03-04_16:30_18:00_Salón Champagnat','2024-12-09','16:30:00','18:00:00','confirmado','2025-03-04',NULL,'Salón Champagnat','Politeia'),
(247,11,'2025-02-19_10:00_16:20_Patio Columnas','2024-12-09','10:00:00','16:20:00','confirmado','2025-02-19',NULL,'Patio Columnas','Infantil'),
(248,11,'2025-02-20_10:00_16:30_Patio Columnas','2024-12-09','10:00:00','16:30:00','confirmado','2025-02-20',NULL,'Patio Columnas','Infantil'),
(249,11,'2025-02-21_10:00_16:30_Patio Columnas','2024-12-09','10:00:00','16:30:00','confirmado','2025-02-21',NULL,'Patio Columnas','Infantil'),
(250,12,'2025-03-04_13:30_14:30_Sala Audiovisuales','2024-12-09','13:30:00','14:30:00','confirmado','2025-03-04',NULL,'Sala Audiovisuales','Ballet'),
(251,11,'2025-02-21_16:30_18:30_Patio Columnas','2024-12-09','16:30:00','18:30:00','confirmado','2025-02-21',NULL,'Patio Columnas','Grupos Marcha'),
(252,12,'2025-03-07_11:00_14:00_Sala Audiovisuales','2024-12-09','11:00:00','14:00:00','confirmado','2025-03-07',NULL,'Sala Audiovisuales','Cine'),
(253,11,'2025-02-24_10:00_16:30_Patio Columnas','2024-12-09','10:00:00','16:30:00','confirmado','2025-02-24',NULL,'Patio Columnas','Infantil'),
(254,11,'2025-02-25_10:00_16:30_Patio Columnas','2024-12-09','10:00:00','16:30:00','confirmado','2025-02-25',NULL,'Patio Columnas','Infantil'),
(255,11,'2025-02-26_10:00_16:30_Patio Columnas','2024-12-09','10:00:00','16:30:00','confirmado','2025-02-26',NULL,'Patio Columnas','Infantil'),
(256,12,'2025-03-10_16:00_18:30_Sala Audiovisuales','2024-12-09','16:00:00','18:30:00','confirmado','2025-03-10',NULL,'Sala Audiovisuales','Reunión Familias P6 con profesores ESO'),
(257,11,'2025-02-27_10:00_14:30_Patio Columnas','2024-12-09','10:00:00','14:30:00','confirmado','2025-02-27',NULL,'Patio Columnas','Infantil'),
(258,12,'2025-03-11_13:30_14:30_Sala Audiovisuales','2024-12-09','13:30:00','14:30:00','confirmado','2025-03-11',NULL,'Sala Audiovisuales','Ballet'),
(259,11,'2025-02-27_14:30_16:30_Patio Columnas','2024-12-09','14:30:00','16:30:00','confirmado','2025-02-27',NULL,'Patio Columnas','Festival carnaval I2 - I3'),
(260,12,'2025-03-18_13:30_14:30_Sala Audiovisuales','2024-12-09','13:30:00','14:30:00','confirmado','2025-03-18',NULL,'Sala Audiovisuales','Ballet'),
(261,12,'2025-03-21_11:00_14:00_Sala Audiovisuales','2024-12-09','11:00:00','14:00:00','confirmado','2025-03-21',NULL,'Sala Audiovisuales','Cine'),
(262,12,'2025-03-25_13:30_14:30_Sala Audiovisuales','2024-12-09','13:30:00','14:30:00','confirmado','2025-03-25',NULL,'Sala Audiovisuales','Ballet'),
(263,12,'2025-03-04_12:00_13:30_Biblioteca P5','2024-12-09','12:00:00','13:30:00','confirmado','2025-03-04',NULL,'Biblioteca P5','Seminario de Lengua Pedro Pablo'),
(264,11,'2025-04-01_16:30_18:30_Salón Champagnat','2024-12-09','16:30:00','18:30:00','confirmado','2025-04-01',NULL,'Salón Champagnat','Politeia'),
(265,12,'2024-03-06_11:00_14:00_Biblioteca P5','2024-12-09','11:00:00','14:00:00','confirmado','2024-03-06',NULL,'Biblioteca P5','Equipo Directivo'),
(266,11,'2025-04-03_16:00_18:30_Salón Champagnat','2024-12-09','16:00:00','18:30:00','confirmado','2025-04-03',NULL,'Salón Champagnat','Politeia'),
(267,12,'2025-03-07_15:00_18:00_Biblioteca P5','2024-12-09','15:00:00','18:00:00','confirmado','2025-03-07',NULL,'Biblioteca P5','Grupos Marcha'),
(268,11,'2025-04-08_16:00_18:30_Salón Champagnat','2024-12-09','16:00:00','18:30:00','confirmado','2025-04-08',NULL,'Salón Champagnat','Politeia'),
(269,11,'2025-04-10_16:00_18:30_Salón Champagnat','2024-12-09','16:00:00','18:30:00','confirmado','2025-04-10',NULL,'Salón Champagnat','Politeia'),
(270,12,'2024-03-07_09:00_10:00_Biblioteca P5','2024-12-09','09:00:00','10:00:00','confirmado','2024-03-07',NULL,'Biblioteca P5','MK'),
(271,11,'2025-04-11_00:00_23:59_Festivo','2024-12-09','00:00:00','23:59:00','confirmado','2025-04-11',NULL,'Festivo','Vacaciones semana santa'),
(272,12,'2025-03-10_09:00_10:00_Biblioteca P5','2024-12-09','09:00:00','10:00:00','confirmado','2025-03-10',NULL,'Biblioteca P5','TIAC'),
(273,11,'2025-04-22_16:00_18:30_Salón Champagnat','2024-12-09','16:00:00','18:30:00','confirmado','2025-04-22',NULL,'Salón Champagnat','Politeia'),
(274,11,'2025-04-24_16:00_18:30_Salón Champagnat','2024-12-09','16:00:00','18:30:00','confirmado','2025-04-24',NULL,'Salón Champagnat','Politeia'),
(275,12,'2025-03-11_12:00_13:30_Biblioteca P5','2024-12-09','12:00:00','13:30:00','confirmado','2025-03-11',NULL,'Biblioteca P5','Seminario de Lengua Pedro Pablo'),
(276,12,'2025-03-13_11:00_14:00_Biblioteca P5','2024-12-09','11:00:00','14:00:00','confirmado','2025-03-13',NULL,'Biblioteca P5','Equipo Directivo'),
(277,12,'2025-03-14_09:00_10:00_Biblioteca P5','2024-12-09','09:00:00','10:00:00','confirmado','2025-03-14',NULL,'Biblioteca P5','MK'),
(278,11,'2025-04-30_10:30_12:00_Salón Champagnat','2024-12-09','10:30:00','12:00:00','confirmado','2025-04-30',NULL,'Salón Champagnat','Policia municipal Sonia Larragueta'),
(279,12,'2025-03-14_15:00_18:00_Biblioteca P5','2024-12-09','15:00:00','18:00:00','confirmado','2025-03-14',NULL,'Biblioteca P5','Grupos Marcha'),
(280,12,'2025-03-17_09:00_10:00_Biblioteca P5','2024-12-09','09:00:00','10:00:00','confirmado','2025-03-17',NULL,'Biblioteca P5','TIAC'),
(281,11,'2025-04-01_13:30_14:30_Sala Audiovisuales','2024-12-09','13:30:00','14:30:00','confirmado','2025-04-01',NULL,'Sala Audiovisuales','Ballet'),
(282,11,'2025-04-04_10:30_14:00_Sala Audiovisuales','2024-12-09','10:30:00','14:00:00','confirmado','2025-04-04',NULL,'Sala Audiovisuales','Cine'),
(283,12,'2025-03-18_12:00_13:30_Biblioteca P5','2024-12-09','12:00:00','13:30:00','confirmado','2025-03-18',NULL,'Biblioteca P5','Seminario de Lengua Pedro Pablo'),
(284,11,'2025-04-08_13:30_14:30_Sala Audiovisuales','2024-12-09','13:30:00','14:30:00','confirmado','2025-04-08',NULL,'Sala Audiovisuales','Ballet'),
(285,12,'2025-03-20_11:00_14:00_Biblioteca P5','2024-12-09','11:00:00','14:00:00','confirmado','2025-03-20',NULL,'Biblioteca P5','Equipo Directivo'),
(286,11,'2025-04-22_13:30_14:30_Sala Audiovisuales','2024-12-09','13:30:00','14:30:00','confirmado','2025-04-22',NULL,'Sala Audiovisuales','Ballet'),
(287,12,'2025-03-21_09:00_10:00_Biblioteca P5','2024-12-09','09:00:00','10:00:00','confirmado','2025-03-21',NULL,'Biblioteca P5','MK'),
(288,11,'2025-04-25_10:30_14:00_Sala Audiovisuales','2024-12-09','10:30:00','14:00:00','confirmado','2025-04-25',NULL,'Sala Audiovisuales','Cine'),
(289,11,'2025-04-29_13:30_14:30_Sala Audiovisuales','2024-12-09','13:30:00','14:30:00','confirmado','2025-04-29',NULL,'Sala Audiovisuales','Ballet'),
(290,12,'2025-03-21_15:00_18:00_Biblioteca P5','2024-12-09','15:00:00','18:00:00','confirmado','2025-03-21',NULL,'Biblioteca P5','Grupos Marcha'),
(291,12,'2025-03-24_09:00_10:00_Biblioteca P5','2024-12-09','09:00:00','10:00:00','confirmado','2025-03-24',NULL,'Biblioteca P5','TIAC'),
(292,12,'2025-03-25_12:00_13:30_Biblioteca P5','2024-12-09','12:00:00','13:30:00','confirmado','2025-03-25',NULL,'Biblioteca P5','Seminario de Lengua Pedro Pablo'),
(293,12,'2025-03-27_11:00_14:00_Biblioteca P5','2024-12-09','11:00:00','14:00:00','confirmado','2025-03-27',NULL,'Biblioteca P5','Equipo Directivo'),
(294,11,'2025-04-01_12:30_13:30_Biblioteca P5','2024-12-09','12:30:00','13:30:00','confirmado','2025-04-01',NULL,'Biblioteca P5','Seminario Lengua Pedro Pablo'),
(295,12,'2025-03-28_09:00_10:00_Biblioteca P5','2024-12-09','09:00:00','10:00:00','confirmado','2025-03-28',NULL,'Biblioteca P5','MK'),
(296,11,'2025-04-03_11:00_14:00_Biblioteca P5','2024-12-09','11:00:00','14:00:00','confirmado','2025-04-03',NULL,'Biblioteca P5','Equipo Directivo'),
(297,11,'2025-04-04_09:00_10:00_Biblioteca P5','2024-12-09','09:00:00','10:00:00','confirmado','2025-04-04',NULL,'Biblioteca P5','MK'),
(298,11,'2025-04-04_15:30_18:00_Biblioteca P5','2024-12-09','15:30:00','18:00:00','confirmado','2025-04-04',NULL,'Biblioteca P5','Grupos Marcha'),
(299,12,'2025-03-28_15:00_18:00_Biblioteca P5','2024-12-09','15:00:00','18:00:00','confirmado','2025-03-28',NULL,'Biblioteca P5','Grupos Marcha'),
(300,11,'2025-04-07_09:00_10:00_Biblioteca P5','2024-12-09','09:00:00','10:00:00','confirmado','2025-04-07',NULL,'Biblioteca P5','TIAC'),
(301,12,'2025-03-31_09:00_10:00_Biblioteca P5','2024-12-09','09:00:00','10:00:00','confirmado','2025-03-31',NULL,'Biblioteca P5','TIAC'),
(302,11,'2025-04-08_12:30_13:30_Biblioteca P5','2024-12-09','12:30:00','13:30:00','confirmado','2025-04-08',NULL,'Biblioteca P5','Seminario Lengua Pedro Pablo'),
(303,11,'2025-04-09_16:30_18:30_Biblioteca P5','2024-12-09','16:30:00','18:30:00','confirmado','2025-04-09',NULL,'Biblioteca P5','GME Padres'),
(304,12,'2025-03-12_16:30_18:00_Biblioteca P5','2024-12-09','16:30:00','18:00:00','confirmado','2025-03-12',NULL,'Biblioteca P5','GME Padres'),
(305,12,'2025-03-04_10:00_16:30_Patio Columnas','2024-12-09','10:00:00','16:30:00','confirmado','2025-03-04',NULL,'Patio Columnas','Infantil'),
(306,12,'2025-03-05_10:00_16:30_Patio Columnas','2024-12-09','10:00:00','16:30:00','confirmado','2025-03-05',NULL,'Patio Columnas','Infantil'),
(307,12,'2025-03-06_10:00_16:30_Patio Columnas','2024-12-09','10:00:00','16:30:00','confirmado','2025-03-06',NULL,'Patio Columnas','Infantil'),
(308,12,'2025-03-07_10:00_16:30_Patio Columnas','2024-12-09','10:00:00','16:30:00','confirmado','2025-03-07',NULL,'Patio Columnas','Infantil'),
(309,12,'2025-03-10_10:00_16:30_Patio Columnas','2024-12-09','10:00:00','16:30:00','confirmado','2025-03-10',NULL,'Patio Columnas','Infantil'),
(310,11,'2025-04-10_11:00_14:00_Biblioteca P5','2024-12-09','11:00:00','14:00:00','confirmado','2025-04-10',NULL,'Biblioteca P5','Equipo directivo'),
(311,12,'2025-03-11_10:00_16:30_Patio Columnas','2024-12-09','10:00:00','16:30:00','confirmado','2025-03-11',NULL,'Patio Columnas','Infantil'),
(312,11,'2025-04-22_12:30_13:30_Biblioteca P5','2024-12-09','12:30:00','13:30:00','confirmado','2025-04-22',NULL,'Biblioteca P5','Seminario lengua Pedro Pablo'),
(313,12,'2025-03-12_10:00_16:30_Patio Columnas','2024-12-09','10:00:00','16:30:00','confirmado','2025-03-12',NULL,'Patio Columnas','Infantil'),
(314,11,'2025-04-24_11:00_14:00_Biblioteca P5','2024-12-09','11:00:00','14:00:00','confirmado','2025-04-24',NULL,'Biblioteca P5','Equipo directivo'),
(315,12,'2025-03-13_10:00_16:30_Patio Columnas','2024-12-09','10:00:00','16:30:00','confirmado','2025-03-13',NULL,'Patio Columnas','Infantil'),
(316,12,'2025-03-14_10:00_16:30_Patio Columnas','2024-12-09','10:00:00','16:30:00','confirmado','2025-03-14',NULL,'Patio Columnas','Infantil'),
(317,12,'2025-03-17_10:00_16:30_Patio Columnas','2024-12-09','10:00:00','16:30:00','confirmado','2025-03-17',NULL,'Patio Columnas','Infantil'),
(318,12,'2025-03-18_10:00_16:30_Patio Columnas','2024-12-09','10:00:00','16:30:00','confirmado','2025-03-18',NULL,'Patio Columnas','Infantil'),
(319,12,'2025-03-19_10:00_16:30_Patio Columnas','2024-12-09','10:00:00','16:30:00','confirmado','2025-03-19',NULL,'Patio Columnas','Infantil'),
(320,11,'2025-04-25_09:00_10:00_Biblioteca P5','2024-12-09','09:00:00','10:00:00','confirmado','2025-04-25',NULL,'Biblioteca P5','MK'),
(321,11,'2025-04-25_15:30_18:30_Biblioteca P5','2024-12-09','15:30:00','18:30:00','confirmado','2025-04-25',NULL,'Biblioteca P5','Grupos Marcha'),
(322,12,'2025-03-20_10:00_16:30_Patio Columnas','2024-12-09','10:00:00','16:30:00','confirmado','2025-03-20',NULL,'Patio Columnas','Infantil'),
(323,12,'2025-03-21_10:00_16:30_Patio Columnas','2024-12-09','10:00:00','16:30:00','confirmado','2025-03-21',NULL,'Patio Columnas','Infantil'),
(324,11,'2025-04-28_09:00_10:00_Biblioteca P5','2024-12-09','09:00:00','10:00:00','confirmado','2025-04-28',NULL,'Biblioteca P5','TIAC'),
(325,12,'2025-03-24_10:00_16:30_Patio Columnas','2024-12-09','10:00:00','16:30:00','confirmado','2025-03-24',NULL,'Patio Columnas','Infantil'),
(326,12,'2025-03-25_10:00_16:30_Patio Columnas','2024-12-09','10:00:00','16:30:00','confirmado','2025-03-25',NULL,'Patio Columnas','Infantil'),
(327,11,'2025-04-29_12:30_13:30_Biblioteca P5','2024-12-09','12:30:00','13:30:00','confirmado','2025-04-29',NULL,'Biblioteca P5','Seminario lengua Pedro Pablo'),
(328,12,'2025-03-26_10:00_16:30_Patio Columnas','2024-12-09','10:00:00','16:30:00','confirmado','2025-03-26',NULL,'Patio Columnas','Infantil'),
(329,12,'2025-03-27_10:00_16:30_Patio Columnas','2024-12-09','10:00:00','16:30:00','confirmado','2025-03-27',NULL,'Patio Columnas','Infantil'),
(330,12,'2025-03-28_10:00_16:30_Patio Columnas','2024-12-09','10:00:00','16:30:00','confirmado','2025-03-28',NULL,'Patio Columnas','Infantil'),
(331,12,'2025-03-31_10:00_16:30_Patio Columnas','2024-12-09','10:00:00','16:30:00','confirmado','2025-03-31',NULL,'Patio Columnas','Infantil'),
(332,12,'2025-04-01_10:00_16:30_Patio Columnas','2024-12-09','10:00:00','16:30:00','confirmado','2025-04-01',NULL,'Patio Columnas','Infantil'),
(333,12,'2025-04-02_10:00_16:30_Patio Columnas','2024-12-09','10:00:00','16:30:00','confirmado','2025-04-02',NULL,'Patio Columnas','Infantil'),
(334,12,'2025-04-03_10:00_16:30_Patio Columnas','2024-12-09','10:00:00','16:30:00','confirmado','2025-04-03',NULL,'Patio Columnas','Infantil'),
(335,12,'2025-04-04_10:00_16:30_Patio Columnas','2024-12-09','10:00:00','16:30:00','confirmado','2025-04-04',NULL,'Patio Columnas','Infantil'),
(336,12,'2025-04-07_10:00_06:30_Patio Columnas','2024-12-09','10:00:00','06:30:00','confirmado','2025-04-07',NULL,'Patio Columnas','Infantil'),
(337,12,'2025-04-08_10:00_16:30_Patio Columnas','2024-12-09','10:00:00','16:30:00','confirmado','2025-04-08',NULL,'Patio Columnas','Infantil'),
(338,12,'2025-04-09_10:00_16:30_Patio Columnas','2024-12-09','10:00:00','16:30:00','confirmado','2025-04-09',NULL,'Patio Columnas','Infantil'),
(339,12,'2025-04-10_10:00_16:30_Patio Columnas','2024-12-09','10:00:00','16:30:00','confirmado','2025-04-10',NULL,'Patio Columnas','Infantil'),
(340,12,'2025-04-22_10:00_16:30_Patio Columnas','2024-12-09','10:00:00','16:30:00','confirmado','2025-04-22',NULL,'Patio Columnas','Infantil'),
(341,12,'2025-04-23_10:00_16:30_Patio Columnas','2024-12-09','10:00:00','16:30:00','confirmado','2025-04-23',NULL,'Patio Columnas','Infantil'),
(342,12,'2025-04-24_10:00_16:30_Patio Columnas','2024-12-09','10:00:00','16:30:00','confirmado','2025-04-24',NULL,'Patio Columnas','Infantil'),
(343,12,'2025-04-25_10:00_16:30_Patio Columnas','2024-12-09','10:00:00','16:30:00','confirmado','2025-04-25',NULL,'Patio Columnas','Infantil'),
(344,12,'2025-04-28_10:00_16:30_Patio Columnas','2024-12-09','10:00:00','16:30:00','confirmado','2025-04-28',NULL,'Patio Columnas','Infantil'),
(345,12,'2025-03-29_10:00_16:30_Patio Columnas','2024-12-09','10:00:00','16:30:00','confirmado','2025-03-29',NULL,'Patio Columnas','Infantil'),
(346,12,'2025-04-30_10:00_16:30_Patio Columnas','2024-12-09','10:00:00','16:30:00','confirmado','2025-04-30',NULL,'Patio Columnas','Infantil'),
(347,12,'2025-04-04_16:30_18:00_Patio Columnas','2024-12-09','16:30:00','18:00:00','confirmado','2025-04-04',NULL,'Patio Columnas','Grupos Marcha'),
(348,12,'2025-04-25_16:30_18:00_Patio Columnas','2024-12-09','16:30:00','18:00:00','confirmado','2025-04-25',NULL,'Patio Columnas','Grupos Marcha'),
(349,12,'2024-12-09_16:30_17:30_Salón Champagnat','2024-12-09','16:30:00','17:30:00','confirmado','2024-12-09',NULL,'Salón Champagnat','Ensayo Ludens'),
(351,12,'2025-04-12_08:00_20:00_Festivo','2024-12-09','08:00:00','20:00:00','confirmado','2025-04-12',NULL,'Festivo','Festivo'),
(352,12,'2025-04-13_08:00_20:00_Festivo','2024-12-09','08:00:00','20:00:00','confirmado','2025-04-13',NULL,'Festivo','Festivo\\r\\n'),
(353,12,'2025-04-14_08:00_20:00_Festivo','2024-12-09','08:00:00','20:00:00','confirmado','2025-04-14',NULL,'Festivo','Festivo'),
(354,12,'2024-04-15_08:00_20:00_Festivo','2024-12-09','08:00:00','20:00:00','confirmado','2024-04-15',NULL,'Festivo','Festivo'),
(355,12,'2025-04-16_08:00_20:00_Festivo','2024-12-09','08:00:00','20:00:00','confirmado','2025-04-16',NULL,'Festivo','Festivo'),
(356,12,'2025-04-17_08:00_20:00_Festivo','2024-12-09','08:00:00','20:00:00','confirmado','2025-04-17',NULL,'Festivo','Festivo'),
(357,12,'2025-04-18_08:00_20:00_Festivo','2024-12-09','08:00:00','20:00:00','confirmado','2025-04-18',NULL,'Festivo','Festivo'),
(358,12,'2025-04-19_08:00_20:00_Festivo','2024-12-09','08:00:00','20:00:00','confirmado','2025-04-19',NULL,'Festivo','Festivo'),
(359,12,'2025-04-20_08:00_20:00_Festivo','2024-12-09','08:00:00','20:00:00','confirmado','2025-04-20',NULL,'Festivo','Festivo'),
(360,12,'2025-04-21_08:00_20:00_Festivo','2024-12-09','08:00:00','20:00:00','confirmado','2025-04-21',NULL,'Festivo','Festivo'),
(361,12,'2025-05-01_08:00_20:00_Festivo','2024-12-09','08:00:00','20:00:00','confirmado','2025-05-01',NULL,'Festivo','Festivo'),
(362,12,'2025-05-02_08:00_20:00_Festivo','2024-12-09','08:00:00','20:00:00','confirmado','2025-05-02',NULL,'Festivo','Festivo'),
(363,12,'2025-05-06_16:30_18:00_Salón Champagnat','2024-12-09','16:30:00','18:00:00','confirmado','2025-05-06',NULL,'Salón Champagnat','Politeia'),
(364,12,'2025-05-07_16:30_18:30_Salón Champagnat','2024-12-09','16:30:00','18:30:00','confirmado','2025-05-07',NULL,'Salón Champagnat','Fiesta del Perdón P4'),
(365,12,'2025-05-08_16:30_18:00_Salón Champagnat','2024-12-09','16:30:00','18:00:00','confirmado','2025-05-08',NULL,'Salón Champagnat','Politeia'),
(366,12,'2025-05-11_12:00_14:00_Salón Champagnat','2024-12-09','12:00:00','14:00:00','confirmado','2025-05-11',NULL,'Salón Champagnat','Eucaristía dominical'),
(367,12,'2025-05-15_08:00_20:00_Festivo','2024-12-09','08:00:00','20:00:00','confirmado','2025-05-15',NULL,'Festivo','Festivo'),
(368,12,'2025-05-16_16:00_20:00_Salón Champagnat','2024-12-09','16:00:00','20:00:00','confirmado','2025-05-16',NULL,'Salón Champagnat','Teatro Cham Cham Provisional'),
(369,12,'2025-05-17_08:00_20:00_Salón Champagnat','2024-12-09','08:00:00','20:00:00','confirmado','2025-05-17',NULL,'Salón Champagnat','Teatro Cham Cham provisional'),
(370,12,'2025-05-18_12:00_14:00_Salón Champagnat','2024-12-09','12:00:00','14:00:00','confirmado','2025-05-18',NULL,'Salón Champagnat','Eucaristía Dominical (Ultima del Curso)'),
(371,11,'2024-05-19_08:00_12:30_Salón Champagnat','2024-12-10','08:00:00','12:30:00','confirmado','2024-05-19',NULL,'Salón Champagnat','Ensayo comuniones'),
(372,11,'2024-05-19_14:30_16:30_Salón Champagnat','2024-12-10','14:30:00','16:30:00','confirmado','2024-05-19',NULL,'Salón Champagnat','Ensayo comuniones'),
(373,11,'2024-05-20_08:00_12:30_Salón Champagnat','2024-12-10','08:00:00','12:30:00','confirmado','2024-05-20',NULL,'Salón Champagnat','Ensayo comuniones'),
(374,11,'2024-05-20_14:30_16:30_Salón Champagnat','2024-12-10','14:30:00','16:30:00','confirmado','2024-05-20',NULL,'Salón Champagnat','Ensayo comuniones'),
(375,11,'2024-05-20_16:30_18:30_Salón Champagnat','2024-12-10','16:30:00','18:30:00','confirmado','2024-05-20',NULL,'Salón Champagnat','Politeia'),
(376,11,'2024-05-21_08:00_12:30_Salón Champagnat','2024-12-10','08:00:00','12:30:00','confirmado','2024-05-21',NULL,'Salón Champagnat','Ensayo comuniones'),
(382,11,'2025-05-26_08:00_12:30_Salón Champagnat','2024-12-10','08:00:00','12:30:00','confirmado','2025-05-26',NULL,'Salón Champagnat','Ensayo comuniones'),
(383,11,'2025-05-26_14:30_16:30_Salón Champagnat','2024-12-10','14:30:00','16:30:00','confirmado','2025-05-26',NULL,'Salón Champagnat','Ensayo comuniones'),
(384,11,'2024-12-18_14:00_16:00_Salón Champagnat','2024-12-10','14:00:00','16:00:00','confirmado','2024-12-18',NULL,'Salón Champagnat','Montan instrumentos salón de actos'),
(385,11,'2025-05-27_08:00_12:30_Salón Champagnat','2024-12-10','08:00:00','12:30:00','confirmado','2025-05-27',NULL,'Salón Champagnat','Ensayo comuniones'),
(386,11,'2025-05-27_14:30_16:30_Salón Champagnat','2024-12-10','14:30:00','16:30:00','confirmado','2025-05-27',NULL,'Salón Champagnat','Ensayo comuniones'),
(387,11,'2025-05-27_16:30_18:30_Salón Champagnat','2024-12-10','16:30:00','18:30:00','confirmado','2025-05-27',NULL,'Salón Champagnat','Politeia'),
(390,11,'2025-05-29_08:00_18:30_Salón Champagnat','2024-12-10','08:00:00','18:30:00','confirmado','2025-05-29',NULL,'Salón Champagnat','Ensayo comuniones Jorge Isisdro'),
(391,11,'2025-05-30_08:00_20:00_Salón Champagnat','2024-12-10','08:00:00','20:00:00','confirmado','2025-05-30',NULL,'Salón Champagnat','Montaje comuniones'),
(392,11,'2025-05-31_08:00_20:00_Salón Champagnat','2024-12-10','08:00:00','20:00:00','confirmado','2025-05-31',NULL,'Salón Champagnat','Comuniones'),
(393,11,'2025-06-01_08:00_20:00_Salón Champagnat','2024-12-10','08:00:00','20:00:00','confirmado','2025-06-01',NULL,'Salón Champagnat','Comuniones'),
(394,11,'2025-05-06_13:30_14:30_Sala Audiovisuales','2024-12-10','13:30:00','14:30:00','confirmado','2025-05-06',NULL,'Sala Audiovisuales','Ballet'),
(395,11,'2025-05-09_10:30_14:00_Sala Audiovisuales','2024-12-10','10:30:00','14:00:00','confirmado','2025-05-09',NULL,'Sala Audiovisuales','Cine'),
(396,11,'2025-05-13_13:30_14:30_Sala Audiovisuales','2024-12-10','13:30:00','14:30:00','confirmado','2025-05-13',NULL,'Sala Audiovisuales','Ballet'),
(397,11,'2025-05-23_10:30_14:00_Sala Audiovisuales','2024-12-10','10:30:00','14:00:00','confirmado','2025-05-23',NULL,'Sala Audiovisuales','Cine'),
(398,11,'2025-05-20_13:30_14:30_Sala Audiovisuales','2024-12-10','13:30:00','14:30:00','confirmado','2025-05-20',NULL,'Sala Audiovisuales','Ballet'),
(399,11,'2025-05-27_13:30_14:30_Sala Audiovisuales','2024-12-10','13:30:00','14:30:00','confirmado','2025-05-27',NULL,'Sala Audiovisuales','Ballet'),
(400,11,'2025-05-05_09:00_10:00_Biblioteca P5','2024-12-10','09:00:00','10:00:00','confirmado','2025-05-05',NULL,'Biblioteca P5','TIAC'),
(401,11,'2025-05-06_12:30_13:30_Biblioteca P5','2024-12-10','12:30:00','13:30:00','confirmado','2025-05-06',NULL,'Biblioteca P5','Seminario de lengua Pedro Pablo'),
(402,11,'2025-05-08_11:00_14:00_Biblioteca P5','2024-12-10','11:00:00','14:00:00','confirmado','2025-05-08',NULL,'Biblioteca P5','Equipo directivo'),
(403,11,'2025-05-09_09:00_10:00_Biblioteca P5','2024-12-10','09:00:00','10:00:00','confirmado','2025-05-09',NULL,'Biblioteca P5','MK'),
(404,11,'2025-05-09_15:30_18:00_Biblioteca P5','2024-12-10','15:30:00','18:00:00','confirmado','2025-05-09',NULL,'Biblioteca P5','Grupos Marcha'),
(405,11,'2025-05-12_09:00_10:00_Biblioteca P5','2024-12-10','09:00:00','10:00:00','confirmado','2025-05-12',NULL,'Biblioteca P5','TIAC'),
(406,11,'2025-05-13_12:30_13:30_Biblioteca P5','2024-12-10','12:30:00','13:30:00','confirmado','2025-05-13',NULL,'Biblioteca P5','Seminario Lengua Pedro Pablo'),
(407,11,'2025-05-14_16:30_18:30_Biblioteca P5','2024-12-10','16:30:00','18:30:00','confirmado','2025-05-14',NULL,'Biblioteca P5','GME Padres'),
(408,11,'2025-05-16_09:30_10:30_Biblioteca P5','2024-12-10','09:30:00','10:30:00','confirmado','2025-05-16',NULL,'Biblioteca P5','MK'),
(409,11,'2025-05-16_15:30_18:00_Biblioteca P5','2024-12-10','15:30:00','18:00:00','confirmado','2025-05-16',NULL,'Biblioteca P5','Grupos Marcha'),
(410,11,'2025-05-19_09:00_10:00_Biblioteca P5','2024-12-10','09:00:00','10:00:00','confirmado','2025-05-19',NULL,'Biblioteca P5','TIAC'),
(411,11,'2025-05-20_12:30_13:30_Biblioteca P5','2024-12-10','12:30:00','13:30:00','confirmado','2025-05-20',NULL,'Biblioteca P5','Equipo directivo'),
(413,11,'2024-12-12_09:00_11:00_Salón Champagnat','2024-12-10','09:00:00','11:00:00','confirmado','2024-12-12',NULL,'Salón Champagnat','Charla móviles Barredo/Garbiñe'),
(414,11,'2025-05-22_11:00_14:00_Biblioteca P5','2024-12-10','11:00:00','14:00:00','confirmado','2025-05-22',NULL,'Biblioteca P5','Equipo directivo'),
(415,11,'2025-05-23_09:00_10:00_Biblioteca P5','2024-12-10','09:00:00','10:00:00','confirmado','2025-05-23',NULL,'Biblioteca P5','MK'),
(416,11,'2025-05-23_15:30_18:00_Biblioteca P5','2024-12-10','15:30:00','18:00:00','confirmado','2025-05-23',NULL,'Biblioteca P5','Grupos Marcha'),
(417,11,'2025-05-26_09:00_10:00_Biblioteca P5','2024-12-10','09:00:00','10:00:00','confirmado','2025-05-26',NULL,'Biblioteca P5','TIAC'),
(418,11,'2025-05-27_12:30_13:30_Salón Champagnat','2024-12-10','12:30:00','13:30:00','confirmado','2025-05-27',NULL,'Salón Champagnat','Seminario Lengua Pedro Pablo'),
(419,11,'2025-05-29_11:00_14:00_Biblioteca P5','2024-12-10','11:00:00','14:00:00','confirmado','2025-05-29',NULL,'Biblioteca P5','Equipo directivo'),
(420,11,'2025-05-30_09:00_10:00_Biblioteca P5','2024-12-10','09:00:00','10:00:00','confirmado','2025-05-30',NULL,'Biblioteca P5','MK'),
(421,11,'2025-05-30_15:30_18:00_Biblioteca P5','2024-12-10','15:30:00','18:00:00','confirmado','2025-05-30',NULL,'Biblioteca P5','Grupos Marcha'),
(422,12,'2025-05-05_10:00_16:30_Patio Columnas','2024-12-10','10:00:00','16:30:00','confirmado','2025-05-05',NULL,'Patio Columnas','Infantil'),
(423,12,'2025-05-06_10:00_16:30_Patio Columnas','2024-12-10','10:00:00','16:30:00','confirmado','2025-05-06',NULL,'Patio Columnas','Infantil'),
(424,12,'2025-05-07_10:00_16:30_Patio Columnas','2024-12-10','10:00:00','16:30:00','confirmado','2025-05-07',NULL,'Patio Columnas','Infantil'),
(425,12,'2025-05-08_10:00_16:30_Patio Columnas','2024-12-10','10:00:00','16:30:00','confirmado','2025-05-08',NULL,'Patio Columnas','Infantil'),
(426,12,'2025-05-09_10:00_16:30_Patio Columnas','2024-12-10','10:00:00','16:30:00','confirmado','2025-05-09',NULL,'Patio Columnas','Infantil'),
(427,12,'2025-05-09_16:30_18:00_Patio Columnas','2024-12-10','16:30:00','18:00:00','confirmado','2025-05-09',NULL,'Patio Columnas','Grupos Marcha'),
(428,12,'2025-05-12_10:00_16:30_Patio Columnas','2024-12-10','10:00:00','16:30:00','confirmado','2025-05-12',NULL,'Patio Columnas','Infantil'),
(429,12,'2025-05-13_10:00_16:30_Patio Columnas','2024-12-10','10:00:00','16:30:00','confirmado','2025-05-13',NULL,'Patio Columnas','Infantil'),
(430,12,'2025-05-14_10:00_16:30_Patio Columnas','2024-12-10','10:00:00','16:30:00','confirmado','2025-05-14',NULL,'Patio Columnas','Infantil'),
(431,12,'2025-05-16_10:00_16:30_Patio Columnas','2024-12-10','10:00:00','16:30:00','confirmado','2025-05-16',NULL,'Patio Columnas','Infantil'),
(432,12,'2025-05-16_16:30_18:00_Patio Columnas','2024-12-10','16:30:00','18:00:00','confirmado','2025-05-16',NULL,'Patio Columnas','Grupos Marcha'),
(433,12,'2025-05-19_10:00_16:30_Patio Columnas','2024-12-10','10:00:00','16:30:00','confirmado','2025-05-19',NULL,'Patio Columnas','Infantil'),
(434,12,'2025-05-20_10:00_16:30_Patio Columnas','2024-12-10','10:00:00','16:30:00','confirmado','2025-05-20',NULL,'Patio Columnas','Infantil'),
(435,12,'2025-05-21_10:00_16:30_Patio Columnas','2024-12-10','10:00:00','16:30:00','confirmado','2025-05-21',NULL,'Patio Columnas','Infantil'),
(436,12,'2025-05-22_10:00_16:30_Patio Columnas','2024-12-10','10:00:00','16:30:00','confirmado','2025-05-22',NULL,'Patio Columnas','Infantil'),
(437,12,'2025-05-23_10:00_16:30_Patio Columnas','2024-12-10','10:00:00','16:30:00','confirmado','2025-05-23',NULL,'Patio Columnas','Infantil'),
(438,12,'2025-05-23_16:30_18:00_Patio Columnas','2024-12-10','16:30:00','18:00:00','confirmado','2025-05-23',NULL,'Patio Columnas','Grupos Marcha'),
(439,12,'2025-05-26_10:00_16:30_Patio Columnas','2024-12-10','10:00:00','16:30:00','confirmado','2025-05-26',NULL,'Patio Columnas','Infantil'),
(440,12,'2025-05-27_10:00_16:30_Patio Columnas','2024-12-10','10:00:00','16:30:00','confirmado','2025-05-27',NULL,'Patio Columnas','Infantil'),
(441,12,'2025-05-28_10:00_16:30_Patio Columnas','2024-12-10','10:00:00','16:30:00','confirmado','2025-05-28',NULL,'Patio Columnas','Infantil'),
(442,12,'2025-05-29_10:00_16:30_Patio Columnas','2024-12-10','10:00:00','16:30:00','confirmado','2025-05-29',NULL,'Patio Columnas','Infantil'),
(443,12,'2025-05-30_10:00_16:30_Patio Columnas','2024-12-10','10:00:00','16:30:00','confirmado','2025-05-30',NULL,'Patio Columnas','Infantil'),
(444,12,'2025-05-30_16:30_18:00_Patio Columnas','2024-12-10','16:30:00','18:00:00','confirmado','2025-05-30',NULL,'Patio Columnas','Grupos Marcha'),
(445,12,'2025-06-02_09:00_13:00_Salón Champagnat','2024-12-10','09:00:00','13:00:00','confirmado','2025-06-02',NULL,'Salón Champagnat','Ensayos festivales de Primaria'),
(446,12,'2025-06-03_09:00_13:00_Salón Champagnat','2024-12-10','09:00:00','13:00:00','confirmado','2025-06-03',NULL,'Salón Champagnat','Ensayos festivales de Primaria'),
(447,12,'2025-06-04_09:00_13:00_Salón Champagnat','2024-12-10','09:00:00','13:00:00','confirmado','2025-06-04',NULL,'Salón Champagnat','Ensayos festivales de Primaria'),
(448,12,'2025-06-09_09:00_13:00_Salón Champagnat','2024-12-10','09:00:00','13:00:00','confirmado','2025-06-09',NULL,'Salón Champagnat','Ensayos festivales de Primaria'),
(449,12,'2025-06-10_09:00_13:00_Salón Champagnat','2024-12-10','09:00:00','13:00:00','confirmado','2025-06-10',NULL,'Salón Champagnat','Ensayos festivales de Primaria'),
(450,12,'2025-06-11_09:00_13:00_Salón Champagnat','2024-12-10','09:00:00','13:00:00','confirmado','2025-06-11',NULL,'Salón Champagnat','Ensayos festivales de Primaria'),
(451,12,'2025-06-12_09:00_13:00_Salón Champagnat','2024-12-10','09:00:00','13:00:00','confirmado','2025-06-12',NULL,'Salón Champagnat','Ensayos festivales de Primaria'),
(452,12,'2025-05-13_09:00_13:00_Salón Champagnat','2024-12-10','09:00:00','13:00:00','cancelada','2025-05-13',NULL,'Salón Champagnat','Ensayos festivales de Primaria'),
(453,12,'2025-06-13_09:00_13:00_Salón Champagnat','2024-12-10','09:00:00','13:00:00','confirmado','2025-06-13',NULL,'Salón Champagnat','Ensayo'),
(454,12,'2025-06-16_08:00_10:30_Salón Champagnat','2024-12-10','08:00:00','10:30:00','confirmado','2025-06-16',NULL,'Salón Champagnat','Festival Fin de Curso P3'),
(455,12,'2025-06-17_08:00_10:30_Salón Champagnat','2024-12-10','08:00:00','10:30:00','confirmado','2025-06-17',NULL,'Salón Champagnat','Festival Fin de Curso P1'),
(456,12,'2025-06-17_10:30_12:30_Salón Champagnat','2024-12-10','10:30:00','12:30:00','confirmado','2025-06-17',NULL,'Salón Champagnat','Festival Fin de Curso P5'),
(458,12,'2025-06-18_10:30_12:30_Salón Champagnat','2024-12-10','10:30:00','12:30:00','confirmado','2025-06-18',NULL,'Salón Champagnat','Festival Fin de Curso P4'),
(460,12,'2025-06-19_11:00_12:30_Salón Champagnat','2024-12-10','11:00:00','12:30:00','confirmado','2025-06-19',NULL,'Salón Champagnat','Acto académico E1, E2.'),
(461,12,'2025-06-19_12:30_14:00_Salón Champagnat','2024-12-10','12:30:00','14:00:00','confirmado','2025-06-19',NULL,'Salón Champagnat','Acto académico E3, E4.'),
(462,12,'2025-06-03_13:30_14:30_Sala Audiovisuales','2024-12-10','13:30:00','14:30:00','confirmado','2025-06-03',NULL,'Sala Audiovisuales','Ballet'),
(463,12,'2025-06-06_11:00_14:00_Sala Audiovisuales','2024-12-10','11:00:00','14:00:00','confirmado','2025-06-06',NULL,'Sala Audiovisuales','Cine'),
(464,12,'2025-06-10_13:30_14:30_Sala Audiovisuales','2024-12-10','13:30:00','14:30:00','confirmado','2025-06-10',NULL,'Sala Audiovisuales','Ballet'),
(465,12,'2025-06-17_13:30_14:30_Sala Audiovisuales','2024-12-10','13:30:00','14:30:00','confirmado','2025-06-17',NULL,'Sala Audiovisuales','Ballet'),
(466,12,'2025-06-20_11:00_14:00_Sala Audiovisuales','2024-12-10','11:00:00','14:00:00','confirmado','2025-06-20',NULL,'Sala Audiovisuales','Cine'),
(467,12,'2025-06-24_13:30_14:30_Sala Audiovisuales','2024-12-10','13:30:00','14:30:00','confirmado','2025-06-24',NULL,'Sala Audiovisuales','Ballet'),
(469,12,'2025-06-06_15:00_18:00_Biblioteca P5','2024-12-10','15:00:00','18:00:00','confirmado','2025-06-06',NULL,'Biblioteca P5','Grupos Marcha'),
(470,12,'2025-06-11_16:30_18:00_Biblioteca P5','2024-12-10','16:30:00','18:00:00','confirmado','2025-06-11',NULL,'Biblioteca P5','GME Padres'),
(471,12,'2025-06-12_11:00_14:00_Biblioteca P5','2024-12-10','11:00:00','14:00:00','confirmado','2025-06-12',NULL,'Biblioteca P5','Equipo Directivo'),
(472,12,'2025-06-13_15:00_18:00_Biblioteca P5','2024-12-10','15:00:00','18:00:00','confirmado','2025-06-13',NULL,'Biblioteca P5','Grupos Marcha'),
(473,12,'2025-06-19_11:00_14:00_Biblioteca P5','2024-12-10','11:00:00','14:00:00','confirmado','2025-06-19',NULL,'Biblioteca P5','Equipo Directivo'),
(474,12,'2025-06-20_15:00_18:00_Biblioteca P5','2024-12-10','15:00:00','18:00:00','confirmado','2025-06-20',NULL,'Biblioteca P5','Grupos Marcha'),
(475,12,'2025-06-26_11:00_14:00_Biblioteca P5','2024-12-10','11:00:00','14:00:00','confirmado','2025-06-26',NULL,'Biblioteca P5','Equipo Directivo'),
(476,12,'2025-06-27_15:00_18:00_Biblioteca P5','2024-12-10','15:00:00','18:00:00','confirmado','2025-06-27',NULL,'Biblioteca P5','Grupos Marcha'),
(477,12,'2025-06-03_10:00_16:30_Patio Columnas','2024-12-10','10:00:00','16:30:00','confirmado','2025-06-03',NULL,'Patio Columnas','Infantil'),
(478,12,'2025-06-04_10:00_16:30_Patio Columnas','2024-12-10','10:00:00','16:30:00','confirmado','2025-06-04',NULL,'Patio Columnas','Infantil'),
(479,12,'2025-06-05_10:00_16:30_Patio Columnas','2024-12-10','10:00:00','16:30:00','confirmado','2025-06-05',NULL,'Patio Columnas','Infantil'),
(480,12,'2025-06-06_10:00_16:30_Patio Columnas','2024-12-10','10:00:00','16:30:00','confirmado','2025-06-06',NULL,'Patio Columnas','Infantil'),
(481,12,'2025-06-06_16:30_18:00_Patio Columnas','2024-12-10','16:30:00','18:00:00','confirmado','2025-06-06',NULL,'Patio Columnas','Grupos Marcha'),
(482,12,'2025-06-09_10:00_16:30_Patio Columnas','2024-12-10','10:00:00','16:30:00','confirmado','2025-06-09',NULL,'Patio Columnas','Infantil'),
(483,12,'2025-06-10_10:00_16:30_Patio Columnas','2024-12-10','10:00:00','16:30:00','confirmado','2025-06-10',NULL,'Patio Columnas','Infantil'),
(484,12,'2025-06-11_10:00_16:30_Patio Columnas','2024-12-10','10:00:00','16:30:00','confirmado','2025-06-11',NULL,'Patio Columnas','Infantil'),
(485,12,'2025-06-12_10:00_16:30_Patio Columnas','2024-12-10','10:00:00','16:30:00','confirmado','2025-06-12',NULL,'Patio Columnas','Infantil'),
(486,12,'2025-06-13_10:00_16:30_Patio Columnas','2024-12-10','10:00:00','16:30:00','confirmado','2025-06-13',NULL,'Patio Columnas','Infantil'),
(487,12,'2025-06-13_16:30_18:00_Patio Columnas','2024-12-10','16:30:00','18:00:00','confirmado','2025-06-13',NULL,'Patio Columnas','Grupos Marcha'),
(488,12,'2025-06-16_10:00_16:30_Patio Columnas','2024-12-10','10:00:00','16:30:00','confirmado','2025-06-16',NULL,'Patio Columnas','Infantil'),
(489,12,'2025-06-17_10:00_16:30_Patio Columnas','2024-12-10','10:00:00','16:30:00','confirmado','2025-06-17',NULL,'Patio Columnas','Infantil'),
(490,12,'2025-06-18_10:00_16:30_Patio Columnas','2024-12-10','10:00:00','16:30:00','confirmado','2025-06-18',NULL,'Patio Columnas','Infantil'),
(491,12,'2025-06-19_10:00_16:30_Patio Columnas','2024-12-10','10:00:00','16:30:00','confirmado','2025-06-19',NULL,'Patio Columnas','Infantil'),
(492,12,'2025-06-20_10:00_16:30_Patio Columnas','2024-12-10','10:00:00','16:30:00','confirmado','2025-06-20',NULL,'Patio Columnas','Infantil'),
(493,12,'2025-06-20_16:30_18:00_Patio Columnas','2024-12-10','16:30:00','18:00:00','confirmado','2025-06-20',NULL,'Patio Columnas','Grupos Marcha'),
(494,12,'2025-06-23_10:00_16:30_Patio Columnas','2024-12-10','10:00:00','16:30:00','confirmado','2025-06-23',NULL,'Patio Columnas','Infantil'),
(495,12,'2025-06-24_10:00_16:30_Patio Columnas','2024-12-10','10:00:00','16:30:00','confirmado','2025-06-24',NULL,'Patio Columnas','Infantil'),
(496,12,'2025-06-25_10:00_16:30_Patio Columnas','2024-12-10','10:00:00','16:30:00','confirmado','2025-06-25',NULL,'Patio Columnas','Infantil'),
(497,12,'2025-06-26_10:00_16:30_Patio Columnas','2024-12-10','10:00:00','16:30:00','confirmado','2025-06-26',NULL,'Patio Columnas','Infantil'),
(498,12,'2025-06-27_10:00_16:30_Patio Columnas','2024-12-10','10:00:00','16:30:00','confirmado','2025-06-27',NULL,'Patio Columnas','Infantil'),
(499,12,'2025-06-27_16:30_18:00_Patio Columnas','2024-12-10','16:30:00','18:00:00','confirmado','2025-06-27',NULL,'Patio Columnas','Grupos Marcha'),
(500,12,'2024-12-23_08:00_20:00_Festivo','2024-12-10','08:00:00','20:00:00','confirmado','2024-12-23',NULL,'Festivo','Festivo'),
(501,12,'2025-12-24_08:00_20:00_Festivo','2024-12-10','08:00:00','20:00:00','confirmado','2025-12-24',NULL,'Festivo','Festivo'),
(502,12,'2024-12-25_08:00_20:00_Festivo','2024-12-10','08:00:00','20:00:00','confirmado','2024-12-25',NULL,'Festivo','Festivo'),
(503,12,'2024-12-26_08:00_20:00_Festivo','2024-12-10','08:00:00','20:00:00','confirmado','2024-12-26',NULL,'Festivo','Festivo'),
(504,12,'2024-12-27_08:00_20:00_Festivo','2024-12-10','08:00:00','20:00:00','confirmado','2024-12-27',NULL,'Festivo','Festivo'),
(505,12,'2024-12-28_08:00_20:00_Festivo','2024-12-10','08:00:00','20:00:00','confirmado','2024-12-28',NULL,'Festivo','Festivo'),
(506,12,'2024-12-29_08:00_20:00_Festivo','2024-12-10','08:00:00','20:00:00','confirmado','2024-12-29',NULL,'Festivo','Festivo'),
(507,12,'2024-12-30_08:00_20:00_Festivo','2024-12-10','08:00:00','20:00:00','confirmado','2024-12-30',NULL,'Festivo','Festivo'),
(508,12,'2024-12-31_08:00_20:00_Festivo','2024-12-10','08:00:00','20:00:00','confirmado','2024-12-31',NULL,'Festivo','Festivo'),
(509,12,'2025-01-01_08:00_20:00_Festivo','2024-12-10','08:00:00','20:00:00','confirmado','2025-01-01',NULL,'Festivo','Festivo'),
(510,12,'2025-01-02_08:00_20:00_Festivo','2024-12-10','08:00:00','20:00:00','confirmado','2025-01-02',NULL,'Festivo','Festivo'),
(511,12,'2025-01-03_08:00_20:00_Festivo','2024-12-10','08:00:00','20:00:00','confirmado','2025-01-03',NULL,'Festivo','Festivo'),
(512,12,'2025-01-04_08:00_20:00_Festivo','2024-12-10','08:00:00','20:00:00','confirmado','2025-01-04',NULL,'Festivo','Festivo'),
(513,12,'2025-01-05_08:00_20:00_Festivo','2024-12-10','08:00:00','20:00:00','confirmado','2025-01-05',NULL,'Festivo','Festivo'),
(514,12,'2025-01-06_08:00_20:00_Festivo','2024-12-10','08:00:00','20:00:00','confirmado','2025-01-06',NULL,'Festivo','Festivo'),
(515,12,'2025-01-07_08:00_20:00_Festivo','2024-12-10','08:00:00','20:00:00','confirmado','2025-01-07',NULL,'Festivo','Festivo'),
(516,11,'2024-12-10_14:30_15:15_Salón Champagnat','2024-12-10','14:30:00','15:15:00','confirmado','2024-12-10',NULL,'Salón Champagnat','Ballet'),
(517,12,'2024-12-24_08:00_20:00_Festivo','2024-12-10','08:00:00','20:00:00','confirmado','2024-12-24',NULL,'Festivo','Festivo'),
(518,12,'2025-01-15_10:00_16:30_Patio Columnas','2024-12-10','10:00:00','16:30:00','confirmado','2025-01-15',NULL,'Patio Columnas','Infantil'),
(519,12,'2025-04-29_10:00_16:30_Patio Columnas','2024-12-10','10:00:00','16:30:00','confirmado','2025-04-29',NULL,'Patio Columnas','Infantil'),
(520,12,'2025-06-02_10:00_16:30_Patio Columnas','2024-12-10','10:00:00','16:30:00','confirmado','2025-06-02',NULL,'Patio Columnas','Infantil'),
(521,12,'2025-04-06_12:00_14:00_Salón Champagnat','2024-12-10','12:00:00','14:00:00','confirmado','2025-04-06',NULL,'Salón Champagnat','Eucaristía Dominical'),
(522,11,'2024-12-11_11:00_14:00_Salón Champagnat','2024-12-11','11:00:00','14:00:00','confirmado','2024-12-11',NULL,'Salón Champagnat','Demoliciones Chamberí'),
(524,11,'2024-12-16_09:00_11:00_Salón Champagnat','2024-12-12','09:00:00','11:00:00','confirmado','2024-12-16',NULL,'Salón Champagnat','Montar salón de actos teatro inglés'),
(526,11,'2024-12-17_14:15_15:30_Salón Champagnat','2024-12-13','14:15:00','15:30:00','confirmado','2024-12-17',NULL,'Salón Champagnat','Andrea Pereira'),
(528,11,'2024-12-19_13:15_14:15_Sala Audiovisuales','2024-12-16','13:15:00','14:15:00','confirmado','2024-12-19',NULL,'Sala Audiovisuales','Blanca Torres catequésis'),
(529,11,'2024-12-17_09:00_09:45_Salón Champagnat','2024-12-17','09:00:00','09:45:00','confirmado','2024-12-17',NULL,'Salón Champagnat','Mercedes Galán'),
(530,35,'2024-12-20_10:00_11:30_Salón Champagnat','2024-12-18','10:00:00','11:30:00','confirmado','2024-12-20',NULL,'Salón Champagnat','Prueba'),
(531,34,'2025-01-14_16:30_18:30_Sala Audiovisuales','2025-01-08','16:30:00','18:30:00','confirmado','2025-01-14',NULL,'Sala Audiovisuales','Formación Familias Primeras Comuniones (P3)'),
(532,34,'2025-01-15_16:30_18:30_Sala Audiovisuales','2025-01-08','16:30:00','18:30:00','confirmado','2025-01-15',NULL,'Sala Audiovisuales','Formación Familias Primeras Comuniones (P4)'),
(533,11,'2025-01-15_09:00_10:00_Sala Audiovisuales','2025-01-08','09:00:00','10:00:00','confirmado','2025-01-15',NULL,'Sala Audiovisuales','Violencia Genero E4ºC E4ºD'),
(534,11,'2025-01-08_17:00_18:00_Sala Audiovisuales','2025-01-08','17:00:00','18:00:00','cancelada','2025-01-08',NULL,'Sala Audiovisuales','xx'),
(535,12,'2025-05-24_09:00_14:00_Salón Champagnat','2025-01-08','09:00:00','14:00:00','confirmado','2025-05-24',NULL,'Salón Champagnat','Festival Larpi'),
(536,12,'2025-01-13_16:20_17:20_Sala Audiovisuales','2025-01-09','16:20:00','17:20:00','confirmado','2025-01-13',NULL,'Sala Audiovisuales','Reunión de Profesores María González'),
(537,12,'2025-01-14_10:00_11:00_Sala Audiovisuales','2025-01-09','10:00:00','11:00:00','confirmado','2025-01-14',NULL,'Sala Audiovisuales','Pablo Beltrán E4A,B CNP'),
(538,12,'2025-01-13_08:00_16:00_Sala Audiovisuales','2025-01-10','08:00:00','16:00:00','confirmado','2025-01-13',NULL,'Sala Audiovisuales','Elecciones sindicales J.M.Seijas'),
(539,12,'2025-01-24_11:00_14:00_Sala Audiovisuales','2025-01-10','11:00:00','14:00:00','confirmado','2025-01-24',NULL,'Sala Audiovisuales','Cine'),
(540,12,'2025-01-31_11:00_14:00_Sala Audiovisuales','2025-01-10','11:00:00','14:00:00','confirmado','2025-01-31',NULL,'Sala Audiovisuales','Cine '),
(541,12,'2024-01-24_11:00_14:00_Sala Audiovisuales','2025-01-10','11:00:00','14:00:00','cancelada','2024-01-24',NULL,'Sala Audiovisuales','cine'),
(542,12,'2025-01-15_08:30_12:00_Salón Champagnat','2025-01-10','08:30:00','12:00:00','confirmado','2025-01-15',NULL,'Salón Champagnat','Mago Science Andrea Pereira'),
(543,11,'2025-02-11_09:00_10:30_Salón Champagnat','2025-01-13','09:00:00','10:30:00','confirmado','2025-02-11',NULL,'Salón Champagnat','Paloma'),
(544,11,'2025-01-20_17:00_19:00_Patio Columnas','2025-01-14','17:00:00','19:00:00','confirmado','2025-01-20',NULL,'Patio Columnas','Guardería Reuniones E. Infantil'),
(545,11,'2025-01-27_17:00_19:00_Patio Columnas','2025-01-14','17:00:00','19:00:00','confirmado','2025-01-27',NULL,'Patio Columnas','Guardería Reuniones E. Infantil'),
(546,11,'2025-01-28_17:00_19:00_Patio Columnas','2025-01-14','17:00:00','19:00:00','confirmado','2025-01-28',NULL,'Patio Columnas','Guardería Reuniones E. Infantil'),
(547,11,'2025-01-29_17:00_19:00_Patio Columnas','2025-01-14','17:00:00','19:00:00','confirmado','2025-01-29',NULL,'Patio Columnas','Guardería Reuniones E. Infantil'),
(548,11,'2025-02-17_17:00_19:00_Patio Columnas','2025-01-14','17:00:00','19:00:00','confirmado','2025-02-17',NULL,'Patio Columnas','Guardería Reuniones Primaria'),
(549,11,'2025-02-18_17:00_19:00_Patio Columnas','2025-01-14','17:00:00','19:00:00','confirmado','2025-02-18',NULL,'Patio Columnas','Guardería Reuniones Primaria'),
(550,11,'2025-02-19_17:00_19:00_Patio Columnas','2025-01-14','17:00:00','19:00:00','confirmado','2025-02-19',NULL,'Patio Columnas','Guardería Reuniones Primaria'),
(551,11,'2025-01-21_11:00_13:30_Sala Hermitage','2025-01-15','11:00:00','13:30:00','confirmado','2025-01-21',NULL,'Sala Hermitage','Jornadas de orientación Ana García'),
(552,11,'2025-01-21_11:00_13:30_Salón Champagnat','2025-01-15','11:00:00','13:30:00','confirmado','2025-01-21',NULL,'Salón Champagnat','Jornadas de orientación Ana García'),
(553,11,'2025-01-21_11:00_13:30_Sala Audiovisuales','2025-01-15','11:00:00','13:30:00','confirmado','2025-01-21',NULL,'Sala Audiovisuales','Jornadas de orientación Ana García'),
(554,11,'2025-01-30_09:00_10:00_Sala Audiovisuales','2025-01-15','09:00:00','10:00:00','confirmado','2025-01-30',NULL,'Sala Audiovisuales','Jornadas de orientación Ana García'),
(555,11,'2025-01-30_09:00_10:00_Sala Hermitage','2025-01-15','09:00:00','10:00:00','confirmado','2025-01-30',NULL,'Sala Hermitage','Jornadas de orientación Ana García'),
(556,11,'2025-02-11_10:30_11:00_Salón Champagnat','2025-01-20','10:30:00','11:00:00','confirmado','2025-02-11',NULL,'Salón Champagnat','Paloma teatro, necesita más tiempo'),
(557,12,'2025-02-19_08:00_14:00_Sala Audiovisuales','2025-01-20','08:00:00','14:00:00','confirmado','2025-02-19',NULL,'Sala Audiovisuales','Primaria Rocío Galán'),
(559,12,'2025-01-24_11:00_14:00_Salón Champagnat','2025-01-22','11:00:00','14:00:00','confirmado','2025-01-24',NULL,'Salón Champagnat','Concierto Vocacional Enrique Morales'),
(560,11,'2025-01-24_14:15_16:15_Sala Audiovisuales','2025-01-22','14:15:00','16:15:00','confirmado','2025-01-24',NULL,'Sala Audiovisuales','Diana cine forum'),
(561,12,'2025-02-03_08:00_14:00_Salón Champagnat','2025-01-22','08:00:00','14:00:00','confirmado','2025-02-03',NULL,'Salón Champagnat','Recursos educativos Marta Alfaro'),
(562,11,'2025-01-30_14:30_16:20_Sala Audiovisuales','2025-01-24','14:30:00','16:20:00','confirmado','2025-01-30',NULL,'Sala Audiovisuales','Ana García Jornadas de orientación'),
(563,11,'2025-01-30_14:30_16:30_Sala Hermitage','2025-01-24','14:30:00','16:30:00','confirmado','2025-01-30',NULL,'Sala Hermitage','Ana García'),
(564,11,'2025-01-31_14:45_17:45_Salón Champagnat','2025-01-27','14:45:00','17:45:00','confirmado','2025-01-31',NULL,'Salón Champagnat','Coro y banda Marta Álvarez'),
(565,11,'2025-03-10_17:00_18:30_Salón Champagnat','2025-01-29','17:00:00','18:30:00','confirmado','2025-03-10',NULL,'Salón Champagnat','reunión Inmersión Carmen Bocho'),
(566,12,'2025-02-14_11:00_14:30_Sala Audiovisuales','2025-01-31','11:00:00','14:30:00','confirmado','2025-02-14',NULL,'Sala Audiovisuales','Cine'),
(567,12,'2025-02-06_09:00_11:00_Salón Champagnat','2025-02-03','09:00:00','11:00:00','confirmado','2025-02-06',NULL,'Salón Champagnat','Preparación Teatro'),
(568,40,'2025-03-21_08:00_10:30_Salón Champagnat','2025-02-04','08:00:00','10:30:00','confirmado','2025-03-21',NULL,'Salón Champagnat','Semifinal ChamBattle (1º Bachillerato)'),
(570,11,'2025-05-16_08:00_12:20_Sala Audiovisuales','2025-02-05','08:00:00','12:20:00','confirmado','2025-05-16',NULL,'Sala Audiovisuales','Animación a la lectura. Rocío Galán'),
(571,11,'2025-05-16_08:00_12:00_Sala Hermitage','2025-02-05','08:00:00','12:00:00','confirmado','2025-05-16',NULL,'Sala Hermitage','Animación a la lectura. Rocío Galán'),
(572,11,'2025-02-24_08:00_14:00_Sala Hermitage','2025-02-05','08:00:00','14:00:00','confirmado','2025-02-24',NULL,'Sala Hermitage','Animación a la lectura. Rocío Galán'),
(573,11,'2025-03-28_08:00_16:20_Salón Champagnat','2025-02-05','08:00:00','16:20:00','confirmado','2025-03-28',NULL,'Salón Champagnat','Animación a la lectura. Rocío Galán'),
(574,34,'2025-02-06_09:00_11:00_Biblioteca P5','2025-02-05','09:00:00','11:00:00','confirmado','2025-02-06',NULL,'Biblioteca P5','Reunión Equipo Provincial'),
(575,12,'2025-02-26_18:30_23:30_Salón Champagnat','2025-02-06','18:30:00','23:30:00','confirmado','2025-02-26',NULL,'Salón Champagnat','Colegio de Farmacéuticos '),
(576,12,'2025-02-13_09:00_12:30_Sala Audiovisuales','2025-02-07','09:00:00','12:30:00','confirmado','2025-02-13',NULL,'Sala Audiovisuales','María González'),
(577,12,'2025-04-25_08:00_14:00_Sala Audiovisuales','2025-02-07','08:00:00','14:00:00','confirmado','2025-04-25',NULL,'Sala Audiovisuales','Jornadas pastoral'),
(578,12,'2025-04-25_08:00_14:00_Salón Champagnat','2025-02-07','08:00:00','14:00:00','confirmado','2025-04-25',NULL,'Salón Champagnat','Jornadas Pastoral'),
(579,12,'2025-04-25_08:00_14:00_Sala Hermitage','2025-02-07','08:00:00','14:00:00','confirmado','2025-04-25',NULL,'Sala Hermitage','Jornadas Pastoral'),
(580,12,'2025-04-25_08:00_14:00_Biblioteca P5','2025-02-07','08:00:00','14:00:00','confirmado','2025-04-25',NULL,'Biblioteca P5','jornadas Pastoral'),
(581,12,'2025-04-25_08:00_14:00_Patio Columnas','2025-02-07','08:00:00','14:00:00','confirmado','2025-04-25',NULL,'Patio Columnas','Jornadas Pastoral'),
(582,12,'2025-06-14_12:00_14:00_Salón Champagnat','2025-02-07','12:00:00','14:00:00','confirmado','2025-06-14',NULL,'Salón Champagnat','Ludens Sport'),
(583,12,'2025-05-18_13:00_14:30_Salón Champagnat','2025-02-07','13:00:00','14:30:00','confirmado','2025-05-18',NULL,'Salón Champagnat','Javier Gil'),
(584,11,'2025-02-13_12:30_14:00_Sala Audiovisuales','2025-02-07','12:30:00','14:00:00','confirmado','2025-02-13',NULL,'Sala Audiovisuales','Patricia Gonzalez encuentro centros preferentes Chamberí'),
(585,11,'2025-02-13_09:30_12:00_Sala Hermitage','2025-02-07','09:30:00','12:00:00','confirmado','2025-02-13',NULL,'Sala Hermitage','Patricia González encuentro centros preferentes Chamberí'),
(586,11,'2025-02-26_17:00_19:00_Sala Audiovisuales','2025-02-07','17:00:00','19:00:00','confirmado','2025-02-26',NULL,'Sala Audiovisuales','Reunión proyecto digital 4º de primaria Rocío Galán'),
(587,11,'2025-02-10_10:30_12:00_Sala Audiovisuales','2025-02-10','10:30:00','12:00:00','confirmado','2025-02-10',NULL,'Sala Audiovisuales','Ana Portilla, reunión.'),
(588,11,'2025-02-24_10:00_12:00_Salón Champagnat','2025-02-13','10:00:00','12:00:00','confirmado','2025-02-24',NULL,'Salón Champagnat','Francisco Carrasco COE'),
(589,12,'2025-03-28_11:00_14:00_Sala Audiovisuales','2025-02-14','11:00:00','14:00:00','confirmado','2025-03-28',NULL,'Sala Audiovisuales','Cine'),
(590,11,'2025-03-18_08:30_13:30_Salón Champagnat','2025-02-24','08:30:00','13:30:00','confirmado','2025-03-18',NULL,'Salón Champagnat','Marta Alfaro'),
(591,11,'2025-03-12_14:30_16:30_Sala Audiovisuales','2025-02-25','14:30:00','16:30:00','confirmado','2025-03-12',NULL,'Sala Audiovisuales','María González | Charla con el Hermano Eugenio'),
(592,11,'2025-03-07_10:00_12:30_Sala Hermitage','2025-02-26','10:00:00','12:30:00','confirmado','2025-03-07',NULL,'Sala Hermitage','Charla salud bucodental. Diana Primer ciclo'),
(593,11,'2025-03-17_10:00_12:30_Sala Hermitage','2025-02-26','10:00:00','12:30:00','confirmado','2025-03-17',NULL,'Sala Hermitage','Charla salud bucodental. Diana Primer ciclo'),
(594,11,'2025-03-24_16:00_19:00_Sala Audiovisuales','2025-02-27','16:00:00','19:00:00','confirmado','2025-03-24',NULL,'Sala Audiovisuales','Dublín, H. Eduardo | Andrea León'),
(595,11,'2025-03-05_09:00_11:30_Sala Hermitage','2025-03-05','09:00:00','11:30:00','confirmado','2025-03-05',NULL,'Sala Hermitage','Examen de matemáticas primaria'),
(596,11,'2025-04-23_12:00_13:15_Sala Audiovisuales','2025-03-06','12:00:00','13:15:00','confirmado','2025-04-23',NULL,'Sala Audiovisuales','Pedro Pablo. El Quijote en verso. Presentación libro'),
(597,11,'2025-05-06_09:00_16:20_Sala Hermitage','2025-03-06','09:00:00','16:20:00','confirmado','2025-05-06',NULL,'Sala Hermitage','Jorge Ortega'),
(598,11,'2025-05-07_09:00_16:20_Sala Hermitage','2025-03-06','09:00:00','16:20:00','confirmado','2025-05-07',NULL,'Sala Hermitage','Jorge Ortega'),
(599,11,'2025-03-17_17:00_18:30_Sala Audiovisuales','2025-03-10','17:00:00','18:30:00','confirmado','2025-03-17',NULL,'Sala Audiovisuales','Explicación Evau familias'),
(600,12,'2025-03-11_11:20_14:00_Salón Champagnat','2025-03-10','11:20:00','14:00:00','confirmado','2025-03-11',NULL,'Salón Champagnat','Ensayo Marta Álvarez'),
(601,12,'2025-03-12_11:20_13:00_Salón Champagnat','2025-03-10','11:20:00','13:00:00','confirmado','2025-03-12',NULL,'Salón Champagnat','Ensayo Marta Álvarez'),
(602,12,'2025-03-12_08:10_09:05_Sala Audiovisuales','2025-03-10','08:10:00','09:05:00','confirmado','2025-03-12',NULL,'Sala Audiovisuales','Garbiñe'),
(603,12,'2025-03-13_14:30_15:25_Sala Audiovisuales','2025-03-10','14:30:00','15:25:00','confirmado','2025-03-13',NULL,'Sala Audiovisuales','Garbiñe'),
(605,11,'2025-03-14_14:30_15:30_Sala Audiovisuales','2025-03-11','14:30:00','15:30:00','confirmado','2025-03-14',NULL,'Sala Audiovisuales','Nuria 2º de primaria'),
(606,11,'2025-03-13_08:00_14:30_Sala Audiovisuales','2025-03-12','08:00:00','14:30:00','confirmado','2025-03-13',NULL,'Sala Audiovisuales','Amanda'),
(607,12,'2025-04-25_15:00_18:15_Salón Champagnat','2025-03-13','15:00:00','18:15:00','confirmado','2025-04-25',NULL,'Salón Champagnat','Ensayo Cham Cham SIN SONIDO'),
(608,12,'2025-05-09_15:00_18:15_Salón Champagnat','2025-03-13','15:00:00','18:15:00','confirmado','2025-05-09',NULL,'Salón Champagnat','Teatro Cham Cham CON SONIDO'),
(609,12,'2025-05-16_15:00_18:15_Salón Champagnat','2025-03-13','15:00:00','18:15:00','confirmado','2025-05-16',NULL,'Salón Champagnat','Ensayo Cham Cham CON SONIDO'),
(610,12,'2025-05-10_08:00_20:00_Salón Champagnat','2025-03-13','08:00:00','20:00:00','confirmado','2025-05-10',NULL,'Salón Champagnat','Ensayo Cham Cham SIN SONIDO'),
(612,12,'2025-04-02_16:00_18:00_Salón Champagnat','2025-03-17','16:00:00','18:00:00','confirmado','2025-04-02',NULL,'Salón Champagnat','Gerardo Teatro'),
(613,11,'2025-03-18_09:00_10:00_Sala Hermitage','2025-03-17','09:00:00','10:00:00','confirmado','2025-03-18',NULL,'Sala Hermitage','Maricarmen Bocho. Universidad Siracusa\\r\\n'),
(614,12,'2025-06-15_10:00_13:00_Salón Champagnat','2025-03-18','10:00:00','13:00:00','confirmado','2025-06-15',NULL,'Salón Champagnat','Ludens Francisco Carrasco'),
(615,12,'2025-06-15_10:00_13:00_Patio Columnas','2025-03-18','10:00:00','13:00:00','confirmado','2025-06-15',NULL,'Patio Columnas','Ludens Francisco Carrasco'),
(616,11,'2025-03-26_09:00_11:00_Salón Champagnat','2025-03-19','09:00:00','11:00:00','confirmado','2025-03-26',NULL,'Salón Champagnat','Marta Álvarez alumnos suecos'),
(617,11,'2025-03-26_12:15_13:10_Sala Hermitage','2025-03-20','12:15:00','13:10:00','confirmado','2025-03-26',NULL,'Sala Hermitage','Andrea León'),
(618,11,'2025-03-26_15:25_16:20_Sala Hermitage','2025-03-20','15:25:00','16:20:00','confirmado','2025-03-26',NULL,'Sala Hermitage','Andrea León'),
(619,11,'2025-04-09_17:00_19:00_Sala Audiovisuales','2025-03-20','17:00:00','19:00:00','confirmado','2025-04-09',NULL,'Sala Audiovisuales','Patricia Real Neuroeducación AMPA'),
(620,12,'2025-04-08_11:00_13:00_Salón Champagnat','2025-03-21','11:00:00','13:00:00','confirmado','2025-04-08',NULL,'Salón Champagnat','Final Chambate Amanda Carmena'),
(621,11,'2025-04-23_09:00_12:15_Sala Hermitage','2025-03-24','09:00:00','12:15:00','confirmado','2025-04-23',NULL,'Sala Hermitage','Infantil Teachers'),
(622,11,'2025-04-23_14:15_16:00_Sala Hermitage','2025-03-24','14:15:00','16:00:00','confirmado','2025-04-23',NULL,'Sala Hermitage','Infantil teachers'),
(623,11,'2025-05-06_08:00_09:00_Sala Audiovisuales','2025-03-25','08:00:00','09:00:00','confirmado','2025-05-06',NULL,'Sala Audiovisuales','Jorge Ortega'),
(624,11,'2025-05-07_08:00_09:00_Sala Audiovisuales','2025-03-25','08:00:00','09:00:00','confirmado','2025-05-07',NULL,'Sala Audiovisuales','Jorge Ortega'),
(625,12,'2025-04-02_14:30_16:20_Sala Audiovisuales','2025-03-26','14:30:00','16:20:00','confirmado','2025-04-02',NULL,'Sala Audiovisuales','Encarna, E2'),
(626,11,'2025-03-27_10:55_11:20_Sala Audiovisuales','2025-03-27','10:55:00','11:20:00','confirmado','2025-03-27',NULL,'Sala Audiovisuales','Enrique Morales'),
(627,11,'2025-04-04_08:00_09:00_Salón Champagnat','2025-03-31','08:00:00','09:00:00','confirmado','2025-04-04',NULL,'Salón Champagnat','Pedro Pablo Final debate'),
(628,11,'2025-04-08_08:00_09:00_Salón Champagnat','2025-03-31','08:00:00','09:00:00','confirmado','2025-04-08',NULL,'Salón Champagnat','Pedro Pablo. Debate'),
(629,12,'2025-05-23_16:30_18:00_Salón Champagnat','2025-04-03','16:30:00','18:00:00','confirmado','2025-05-23',NULL,'Salón Champagnat','Larpi Montaje'),
(630,12,'2025-04-30_16:30_18:00_Salón Champagnat','2025-04-04','16:30:00','18:00:00','confirmado','2025-04-30',NULL,'Salón Champagnat','Gerardo Teatro'),
(631,12,'2025-06-24_19:00_23:00_Salón Champagnat','2025-04-07','19:00:00','23:00:00','confirmado','2025-06-24',NULL,'Salón Champagnat','Farmaceuticos'),
(632,11,'2025-06-13_15:00_18:00_Salón Champagnat','2025-04-07','15:00:00','18:00:00','confirmado','2025-06-13',NULL,'Salón Champagnat','Gerardo'),
(633,11,'2025-05-08_08:00_14:00_Salón Champagnat','2025-04-10','08:00:00','14:00:00','confirmado','2025-05-08',NULL,'Salón Champagnat','Ensayo graduación bachillerato'),
(634,11,'2025-05-09_08:00_14:00_Salón Champagnat','2025-04-10','08:00:00','14:00:00','confirmado','2025-05-09',NULL,'Salón Champagnat','Ensayo graduación bachillerato'),
(635,11,'2025-05-12_08:00_14:00_Salón Champagnat','2025-04-10','08:00:00','14:00:00','confirmado','2025-05-12',NULL,'Salón Champagnat','Ensayo graduación bachillerato'),
(636,11,'2025-05-13_08:00_20:00_Salón Champagnat','2025-04-10','08:00:00','20:00:00','confirmado','2025-05-13',NULL,'Salón Champagnat','Graduación bachillerato'),
(639,11,'2025-04-24_11:00_14:00_Salón Champagnat','2025-04-22','11:00:00','14:00:00','confirmado','2025-04-24',NULL,'Salón Champagnat','Ensayo grupo teatro cole. María González'),
(640,11,'2025-04-23_11:20_12:00_Sala Audiovisuales','2025-04-22','11:20:00','12:00:00','confirmado','2025-04-23',NULL,'Sala Audiovisuales','María Reunión mediadores'),
(641,11,'2025-04-25_16:00_18:30_Sala Audiovisuales','2025-04-22','16:00:00','18:30:00','confirmado','2025-04-25',NULL,'Sala Audiovisuales','Foro maristas. Almudena'),
(642,12,'2025-04-22_14:30_16:30_Sala Hermitage','2025-04-22','14:30:00','16:30:00','confirmado','2025-04-22',NULL,'Sala Hermitage','1ºPrimaria Rocío Galán\\r\\n'),
(645,12,'2025-04-23_14:30_15:30_Sala Audiovisuales','2025-04-22','14:30:00','15:30:00','confirmado','2025-04-23',NULL,'Sala Audiovisuales','3º Primaria \\r\\nMariluz de Pazos'),
(646,12,'2025-06-26_12:00_19:00_Salón Champagnat','2025-04-23','12:00:00','19:00:00','confirmado','2025-06-26',NULL,'Salón Champagnat','Sant Alice´s Festival'),
(647,12,'2025-06-27_12:00_19:00_Salón Champagnat','2025-04-23','12:00:00','19:00:00','confirmado','2025-06-27',NULL,'Salón Champagnat','Sant Alice´s Festival'),
(648,12,'2025-05-30_16:00_18:00_Sala Audiovisuales','2025-04-23','16:00:00','18:00:00','confirmado','2025-05-30',NULL,'Sala Audiovisuales','Creatio'),
(649,12,'2025-04-29_12:00_13:00_Sala Audiovisuales','2025-04-23','12:00:00','13:00:00','confirmado','2025-04-29',NULL,'Sala Audiovisuales','Aula Champagnat'),
(650,12,'2025-04-29_17:30_19:30_Sala Audiovisuales','2025-04-23','17:30:00','19:30:00','confirmado','2025-04-29',NULL,'Sala Audiovisuales','Aula Champagnat'),
(651,11,'2025-04-29_14:15_16:20_Sala Hermitage','2025-04-23','14:15:00','16:20:00','confirmado','2025-04-29',NULL,'Sala Hermitage','Gabriel Carbajo'),
(652,12,'2025-05-06_14:15_15:30_Salón Champagnat','2025-04-23','14:15:00','15:30:00','confirmado','2025-05-06',NULL,'Salón Champagnat','Jorge Ortega\\r\\n'),
(653,12,'2025-05-19_08:00_12:30_Salón Champagnat','2025-04-28','08:00:00','12:30:00','confirmado','2025-05-19',NULL,'Salón Champagnat','Ensayo Comuniones'),
(654,12,'2025-05-19_14:30_16:30_Salón Champagnat','2025-04-28','14:30:00','16:30:00','confirmado','2025-05-19',NULL,'Salón Champagnat','Ensayo Comuniones'),
(655,12,'2025-05-20_08:00_12:30_Salón Champagnat','2025-04-28','08:00:00','12:30:00','confirmado','2025-05-20',NULL,'Salón Champagnat','Ensayo Comuniones'),
(657,12,'2025-05-05_09:00_14:00_Sala Hermitage','2025-04-28','09:00:00','14:00:00','confirmado','2025-05-05',NULL,'Sala Hermitage','Examen Cambrigde Leyre Valdueza'),
(658,12,'2025-05-20_14:30_16:30_Salón Champagnat','2025-04-28','14:30:00','16:30:00','confirmado','2025-05-20',NULL,'Salón Champagnat','Ensayo Comuniones'),
(660,12,'2025-06-19_08:00_10:30_Salón Champagnat','2025-04-28','08:00:00','10:30:00','confirmado','2025-06-19',NULL,'Salón Champagnat','Festival 6 Primaria'),
(661,11,'2025-05-07_18:00_20:00_Sala Audiovisuales','2025-04-29','18:00:00','20:00:00','confirmado','2025-05-07',NULL,'Sala Audiovisuales','Aula Champagnat'),
(662,11,'2025-05-13_15:00_20:00_Sala Audiovisuales','2025-04-29','15:00:00','20:00:00','confirmado','2025-05-13',NULL,'Sala Audiovisuales','Audiovisuales. Por si lo necesitan para la graduación.'),
(663,12,'2025-06-10_12:15_13:10_Sala Audiovisuales','2025-04-30','12:15:00','13:10:00','confirmado','2025-06-10',NULL,'Sala Audiovisuales','Ensayo ESO\\r\\nMaría González'),
(664,12,'2025-06-11_12:15_13:10_Sala Audiovisuales','2025-04-30','12:15:00','13:10:00','confirmado','2025-06-11',NULL,'Sala Audiovisuales','Ensayo ESO\\r\\nMaría González'),
(665,12,'2025-06-12_12:15_13:10_Sala Audiovisuales','2025-04-30','12:15:00','13:10:00','confirmado','2025-06-12',NULL,'Sala Audiovisuales','Ensayo ESO\\r\\nMaría González'),
(666,12,'2025-06-13_12:15_13:10_Sala Audiovisuales','2025-04-30','12:15:00','13:10:00','confirmado','2025-06-13',NULL,'Sala Audiovisuales','Ensayo ESO\\r\\nMaría González'),
(667,11,'2025-05-06_10:00_14:15_Biblioteca P5','2025-04-30','10:00:00','14:15:00','confirmado','2025-05-06',NULL,'Biblioteca P5','Cambridge'),
(668,12,'2025-05-14_17:00_18:30_Sala Audiovisuales','2025-05-05','17:00:00','18:30:00','confirmado','2025-05-14',NULL,'Sala Audiovisuales','Patricia González\\r\\nReunión Pruebas Psicopedagógicas'),
(669,12,'2025-06-10_17:00_18:00_Salón Champagnat','2025-05-05','17:00:00','18:00:00','confirmado','2025-06-10',NULL,'Salón Champagnat','Nacho Afina\\r\\n'),
(670,12,'2025-06-17_17:00_18:00_Salón Champagnat','2025-05-05','17:00:00','18:00:00','confirmado','2025-06-17',NULL,'Salón Champagnat','Nacho Afina'),
(671,11,'2025-05-05_16:20_18:30_Sala Audiovisuales','2025-05-05','16:20:00','18:30:00','confirmado','2025-05-05',NULL,'Sala Audiovisuales','María González'),
(672,11,'2025-05-16_08:00_15:00_Salón Champagnat','2025-05-06','08:00:00','15:00:00','confirmado','2025-05-16',NULL,'Salón Champagnat','Amanda'),
(673,11,'2025-05-22_09:00_16:30_Salón Champagnat','2025-05-06','09:00:00','16:30:00','confirmado','2025-05-22',NULL,'Salón Champagnat','Ensayo primaria\\r\\nRocio Galán'),
(674,11,'2025-05-23_09:00_16:30_Salón Champagnat','2025-05-06','09:00:00','16:30:00','confirmado','2025-05-23',NULL,'Salón Champagnat','Ensayo Primaria\\r\\nRocío Galán'),
(675,11,'2025-05-14_09:00_16:30_Salón Champagnat','2025-05-06','09:00:00','16:30:00','confirmado','2025-05-14',NULL,'Salón Champagnat','Ensayo Primaria\\r\\nRocío Galán'),
(676,11,'2025-06-18_08:00_10:30_Salón Champagnat','2025-05-06','08:00:00','10:30:00','confirmado','2025-06-18',NULL,'Salón Champagnat','Festival 2º Primaria\\r\\n'),
(677,11,'2025-05-21_09:00_16:15_Salón Champagnat','2025-05-06','09:00:00','16:15:00','confirmado','2025-05-21',NULL,'Salón Champagnat','Festival de primaria'),
(678,11,'2025-05-28_09:00_16:15_Salón Champagnat','2025-05-06','09:00:00','16:15:00','confirmado','2025-05-28',NULL,'Salón Champagnat','Festival de primaria '),
(679,12,'2025-05-13_08:10_09:00_Sala Audiovisuales','2025-05-08','08:10:00','09:00:00','confirmado','2025-05-13',NULL,'Sala Audiovisuales','María González\\r\\n4 ESO'),
(680,12,'2025-05-20_18:00_21:00_Sala Audiovisuales','2025-05-09','18:00:00','21:00:00','confirmado','2025-05-20',NULL,'Sala Audiovisuales','Reunión de propietarios.'),
(681,12,'2025-05-30_11:00_14:00_Sala Audiovisuales','2025-05-09','11:00:00','14:00:00','confirmado','2025-05-30',NULL,'Sala Audiovisuales','Cine'),
(682,12,'2025-05-12_13:00_14:00_Sala Audiovisuales','2025-05-12','13:00:00','14:00:00','confirmado','2025-05-12',NULL,'Sala Audiovisuales','Lara Pascual'),
(683,12,'2025-05-19_11:20_12:15_Sala Audiovisuales','2025-05-12','11:20:00','12:15:00','confirmado','2025-05-19',NULL,'Sala Audiovisuales','Andrea León'),
(684,12,'2025-05-20_11:20_12:15_Sala Audiovisuales','2025-05-12','11:20:00','12:15:00','confirmado','2025-05-20',NULL,'Sala Audiovisuales','Andrea León'),
(685,12,'2025-05-21_14:30_15:25_Sala Audiovisuales','2025-05-12','14:30:00','15:25:00','confirmado','2025-05-21',NULL,'Sala Audiovisuales','Andrea León'),
(686,11,'2025-05-19_10:00_10:55_Sala Audiovisuales','2025-05-14','10:00:00','10:55:00','confirmado','2025-05-19',NULL,'Sala Audiovisuales','Marina'),
(687,11,'2025-05-20_09:00_10:55_Sala Audiovisuales','2025-05-14','09:00:00','10:55:00','confirmado','2025-05-20',NULL,'Sala Audiovisuales','Marina'),
(688,11,'2025-05-21_12:15_13:10_Sala Audiovisuales','2025-05-14','12:15:00','13:10:00','confirmado','2025-05-21',NULL,'Sala Audiovisuales','Marina'),
(689,11,'2025-05-21_15:30_18:20_Sala Audiovisuales','2025-05-14','15:30:00','18:20:00','confirmado','2025-05-21',NULL,'Sala Audiovisuales','Marina'),
(690,11,'2025-05-22_08:10_09:05_Sala Audiovisuales','2025-05-14','08:10:00','09:05:00','confirmado','2025-05-22',NULL,'Sala Audiovisuales','Marina'),
(691,11,'2025-05-24_09:00_14:00_Patio Columnas','2025-05-20','09:00:00','14:00:00','confirmado','2025-05-24',NULL,'Patio Columnas','Larpi'),
(692,11,'2025-05-27_11:20_12:15_Sala Audiovisuales','2025-05-21','11:20:00','12:15:00','confirmado','2025-05-27',NULL,'Sala Audiovisuales','Pedro Pablo'),
(693,11,'2025-06-11_10:00_12:00_Sala Audiovisuales','2025-05-21','10:00:00','12:00:00','confirmado','2025-06-11',NULL,'Sala Audiovisuales','Patricia Alumni 5 años'),
(694,11,'2025-06-03_11:15_12:15_Sala Audiovisuales','2025-05-21','11:15:00','12:15:00','cancelada','2025-06-03',NULL,'Sala Audiovisuales','Patricia Cordero'),
(695,11,'2025-06-04_12:15_13:10_Sala Audiovisuales','2025-05-21','12:15:00','13:10:00','cancelada','2025-06-04',NULL,'Sala Audiovisuales','Patricia Cordero'),
(696,11,'2025-06-03_11:20_12:15_Sala Audiovisuales','2025-05-21','11:20:00','12:15:00','confirmado','2025-06-03',NULL,'Sala Audiovisuales','Patricia Cordero'),
(697,11,'2025-06-04_09:00_10:00_Sala Audiovisuales','2025-05-21','09:00:00','10:00:00','confirmado','2025-06-04',NULL,'Sala Audiovisuales','Patricia Cordero'),
(698,11,'2025-05-22_17:00_18:30_Sala Audiovisuales','2025-05-22','17:00:00','18:30:00','confirmado','2025-05-22',NULL,'Sala Audiovisuales','Reunión Jubileo'),
(699,11,'2025-05-27_10:00_11:00_Sala Audiovisuales','2025-05-26','10:00:00','11:00:00','confirmado','2025-05-27',NULL,'Sala Audiovisuales','Amanda 1º Bachillerato fiestas'),
(700,12,'2025-06-10_16:30_18:00_Sala Audiovisuales','2025-05-26','16:30:00','18:00:00','confirmado','2025-06-10',NULL,'Sala Audiovisuales','Escuela de Familias AMPA'),
(701,12,'2025-06-04_15:30_17:00_Sala Audiovisuales','2025-05-27','15:30:00','17:00:00','confirmado','2025-06-04',NULL,'Sala Audiovisuales','Diego Campamento Lardero'),
(702,12,'2025-05-27_09:00_10:00_Sala Audiovisuales','2025-05-27','09:00:00','10:00:00','confirmado','2025-05-27',NULL,'Sala Audiovisuales','Encarna 2 ESO'),
(703,11,'2025-05-29_17:00_18:30_Sala Audiovisuales','2025-05-28','17:00:00','18:30:00','confirmado','2025-05-29',NULL,'Sala Audiovisuales','Rocío Galán Reunión Infantil'),
(704,12,'2025-06-27_11:00_14:00_Sala Audiovisuales','2025-05-30','11:00:00','14:00:00','confirmado','2025-06-27',NULL,'Sala Audiovisuales','Cine\\r\\n'),
(705,34,'2025-06-09_14:30_18:30_Biblioteca P5','2025-06-09','14:30:00','18:30:00','confirmado','2025-06-09',NULL,'Biblioteca P5','Equipo directivo'),
(706,11,'2025-06-12_11:30_12:15_Sala Audiovisuales','2025-06-10','11:30:00','12:15:00','confirmado','2025-06-12',NULL,'Sala Audiovisuales','Garbiñe'),
(707,11,'2025-06-13_11:30_12:15_Sala Audiovisuales','2025-06-10','11:30:00','12:15:00','confirmado','2025-06-13',NULL,'Sala Audiovisuales','Garbiñe'),
(708,11,'2025-06-16_13:10_14:30_Sala Audiovisuales','2025-06-16','13:10:00','14:30:00','confirmado','2025-06-16',NULL,'Sala Audiovisuales','María González'),
(709,11,'2025-06-20_08:10_09:10_Sala Audiovisuales','2025-06-16','08:10:00','09:10:00','confirmado','2025-06-20',NULL,'Sala Audiovisuales','María González'),
(710,11,'2025-06-23_11:00_12:00_Sala Audiovisuales','2025-06-16','11:00:00','12:00:00','confirmado','2025-06-23',NULL,'Sala Audiovisuales','María González'),
(711,11,'2025-06-24_09:00_10:00_Sala Audiovisuales','2025-06-16','09:00:00','10:00:00','confirmado','2025-06-24',NULL,'Sala Audiovisuales','María González'),
(712,11,'2025-06-24_11:30_13:10_Sala Audiovisuales','2025-06-16','11:30:00','13:10:00','confirmado','2025-06-24',NULL,'Sala Audiovisuales','María González'),
(713,11,'2025-06-26_09:00_13:10_Sala Audiovisuales','2025-06-16','09:00:00','13:10:00','confirmado','2025-06-26',NULL,'Sala Audiovisuales','María González'),
(714,12,'2025-06-19_14:30_15:30_Sala Audiovisuales','2025-06-16','14:30:00','15:30:00','confirmado','2025-06-19',NULL,'Sala Audiovisuales','Leyre Valdueza Talleres'),
(715,12,'2025-06-20_14:30_15:30_Sala Audiovisuales','2025-06-16','14:30:00','15:30:00','confirmado','2025-06-20',NULL,'Sala Audiovisuales','Leyre Valdueza Talleres'),
(716,10,'2025-06-19_11:00_13:30_Sala Audiovisuales','2025-06-18','11:00:00','13:30:00','confirmado','2025-06-19',NULL,'Sala Audiovisuales','Retransmisión acto académico ESO'),
(717,47,'2025-06-21_17:30_20:00_Salón Champagnat','2025-06-18','17:30:00','20:00:00','confirmado','2025-06-21',NULL,'Salón Champagnat','Bodas de plata alumni 2000'),
(718,11,'2025-06-23_09:00_11:30_Sala Audiovisuales','2025-06-20','09:00:00','11:30:00','confirmado','2025-06-23',NULL,'Sala Audiovisuales','Rocío reunión primaria'),
(719,12,'2026-05-11_08:30_12:30_Salón Champagnat','2025-07-07','08:30:00','12:30:00','confirmado','2026-05-11',NULL,'Salón Champagnat','Comuniones'),
(720,12,'2026-05-11_14:00_16:30_Salón Champagnat','2025-07-07','14:00:00','16:30:00','confirmado','2026-05-11',NULL,'Salón Champagnat','Comuniones'),
(721,12,'2026-05-14_08:30_12:30_Salón Champagnat','2025-07-07','08:30:00','12:30:00','confirmado','2026-05-14',NULL,'Salón Champagnat','Comuniones'),
(722,12,'2026-05-14_14:00_16:30_Salón Champagnat','2025-07-07','14:00:00','16:30:00','confirmado','2026-05-14',NULL,'Salón Champagnat','Comuniones'),
(723,12,'2026-05-18_08:30_12:30_Salón Champagnat','2025-07-07','08:30:00','12:30:00','confirmado','2026-05-18',NULL,'Salón Champagnat','Comuniones'),
(724,12,'2026-05-18_14:00_16:30_Salón Champagnat','2025-07-07','14:00:00','16:30:00','confirmado','2026-05-18',NULL,'Salón Champagnat','Comuniones\\r\\n'),
(725,12,'2026-05-19_08:30_12:30_Salón Champagnat','2025-07-07','08:30:00','12:30:00','confirmado','2026-05-19',NULL,'Salón Champagnat','Comuniones'),
(726,12,'2026-05-19_14:00_16:30_Salón Champagnat','2025-07-07','14:00:00','16:30:00','confirmado','2026-05-19',NULL,'Salón Champagnat','Comuniones'),
(727,12,'2026-05-20_08:30_12:30_Salón Champagnat','2025-07-07','08:30:00','12:30:00','confirmado','2026-05-20',NULL,'Salón Champagnat','Comuniones'),
(728,12,'2026-05-20_14:00_16:30_Salón Champagnat','2025-07-07','14:00:00','16:30:00','confirmado','2026-05-20',NULL,'Salón Champagnat','Comuniones'),
(729,12,'2025-09-03_16:00_18:00_Sala Audiovisuales','2025-07-07','16:00:00','18:00:00','confirmado','2025-09-03',NULL,'Sala Audiovisuales','Reunión Familias P1'),
(730,12,'2025-09-08_16:00_18:00_Salón Champagnat','2025-07-07','16:00:00','18:00:00','confirmado','2025-09-08',NULL,'Salón Champagnat','Reunión Familias I2, I3'),
(731,12,'2025-09-09_09:00_10:00_Salón Champagnat','2025-07-07','09:00:00','10:00:00','confirmado','2025-09-09',NULL,'Salón Champagnat','Inicio Actividades Lectivas E1,E2'),
(732,12,'2025-09-09_10:00_11:00_Salón Champagnat','2025-07-07','10:00:00','11:00:00','confirmado','2025-09-09',NULL,'Salón Champagnat','Inicio Actividades Lectivas E3,E4'),
(733,12,'2025-09-09_11:00_12:00_Salón Champagnat','2025-07-07','11:00:00','12:00:00','confirmado','2025-09-09',NULL,'Salón Champagnat','Inicio Actividades Lectivas B1,B2'),
(734,12,'2025-09-15_09:15_11:00_Salón Champagnat','2025-07-07','09:15:00','11:00:00','confirmado','2025-09-15',NULL,'Salón Champagnat','Celebración inicio curso P1, P2 (09.15h, Salón Champagnat)'),
(735,12,'2025-09-15_11:00_12:00_Salón Champagnat','2025-07-07','11:00:00','12:00:00','confirmado','2025-09-15',NULL,'Salón Champagnat','Celebración inicio curso P3, P4 (11.00h, Salón Champagnat)'),
(736,12,'2025-09-15_12:00_13:00_Salón Champagnat','2025-07-07','12:00:00','13:00:00','confirmado','2025-09-15',NULL,'Salón Champagnat','Celebración inicio curso P5, P6 (12.00h, Salón Champagnat)'),
(737,12,'2025-09-23_08:00_17:00_Salón Champagnat','2025-07-07','08:00:00','17:00:00','confirmado','2025-09-23',NULL,'Salón Champagnat','Fotografías de alumnos (Todo el día, Salón Champagnat)'),
(738,12,'2025-09-24_08:00_17:00_Salón Champagnat','2025-07-07','08:00:00','17:00:00','confirmado','2025-09-24',NULL,'Salón Champagnat','Fotografías de alumnos (Todo el día, Salón Champagnat)'),
(739,12,'2025-09-25_08:00_17:00_Salón Champagnat','2025-07-07','08:00:00','17:00:00','confirmado','2025-09-25',NULL,'Salón Champagnat','Fotografías de alumnos (Todo el día, Salón Champagnat)'),
(740,12,'2025-09-26_08:00_17:00_Salón Champagnat','2025-07-07','08:00:00','17:00:00','confirmado','2025-09-26',NULL,'Salón Champagnat','Fotografías de alumnos (Todo el día, Salón Champagnat)'),
(741,12,'2025-10-01_17:00_18:30_Salón Champagnat','2025-07-07','17:00:00','18:30:00','confirmado','2025-10-01',NULL,'Salón Champagnat','Reunión familias I1 (17.00h, Salón Champagnat y aulas)'),
(742,12,'2025-10-05_12:00_14:00_Salón Champagnat','2025-07-07','12:00:00','14:00:00','confirmado','2025-10-05',NULL,'Salón Champagnat','Eucaristía dominical (12.30h, Salón Champagnat'),
(743,12,'2025-10-06_16:30_18:30_Salón Champagnat','2025-07-07','16:30:00','18:30:00','confirmado','2025-10-06',NULL,'Salón Champagnat','Reunión familias E1, E2 (17.00h, Salón Champagnat y aulas)'),
(744,12,'2025-10-08_16:30_18:30_Salón Champagnat','2025-07-07','16:30:00','18:30:00','confirmado','2025-10-08',NULL,'Salón Champagnat','Reunión familias E3, E4 (17.00h, Salón Champagnat y aulas'),
(745,12,'2025-10-09_16:30_18:30_Salón Champagnat','2025-07-07','16:30:00','18:30:00','confirmado','2025-10-09',NULL,'Salón Champagnat','Reunión familias B1, B2 (17.00h, Salón Champagnat y aulas)'),
(746,12,'2025-10-09_19:00_21:00_Salón Champagnat','2025-07-07','19:00:00','21:00:00','confirmado','2025-10-09',NULL,'Salón Champagnat','Politeia (19.30h, Salón Champagnat)'),
(747,12,'2025-10-10_14:30_16:30_Patio Columnas','2025-07-07','14:30:00','16:30:00','confirmado','2025-10-10',NULL,'Patio Columnas','Fiesta el Pilar Infantil (14.45h, patio de columnas)'),
(748,12,'2025-10-13_08:00_23:00_Festivo','2025-07-07','08:00:00','23:00:00','confirmado','2025-10-13',NULL,'Festivo','Día no lectivo'),
(749,12,'2025-10-14_16:00_18:30_Salón Champagnat','2025-07-07','16:00:00','18:30:00','confirmado','2025-10-14',NULL,'Salón Champagnat','Politeia (17.00h, Salón Champagnat)'),
(750,12,'2025-10-16_16:00_18:30_Salón Champagnat','2025-07-07','16:00:00','18:30:00','confirmado','2025-10-16',NULL,'Salón Champagnat','Politeia (17.00h, Salón Champagnat)'),
(751,12,'2025-10-19_12:30_14:00_Salón Champagnat','2025-07-07','12:30:00','14:00:00','confirmado','2025-10-19',NULL,'Salón Champagnat','Eucaristía dominical (12.30h, Salón Champagnat)'),
(752,12,'2025-10-20_16:30_18:30_Salón Champagnat','2025-07-07','16:30:00','18:30:00','confirmado','2025-10-20',NULL,'Salón Champagnat','Reunión Familias P3 y P4 (17.00h, salón de actos y aulas)'),
(753,12,'2005-10-21_16:00_18:30_Salón Champagnat','2025-07-07','16:00:00','18:30:00','confirmado','2005-10-21',NULL,'Salón Champagnat','Politeia (17.00h, Salón Champagnat)'),
(754,12,'2025-10-21_16:30_18:30_Sala Audiovisuales','2025-07-07','16:30:00','18:30:00','confirmado','2025-10-21',NULL,'Sala Audiovisuales','Reunión Familias P2 (17.00h, audiovisuales y aulas)'),
(755,12,'2025-10-21_16:00_18:30_Salón Champagnat','2025-07-07','16:00:00','18:30:00','confirmado','2025-10-21',NULL,'Salón Champagnat','Politeia (17.00h, Salón Champagnat)'),
(756,12,'2025-10-21_08:00_10:00_Sala Audiovisuales','2025-07-07','08:00:00','10:00:00','confirmado','2025-10-21',NULL,'Sala Audiovisuales','Charla E1: riesgos en Internet (08.10h a 10.00h, Audiovisuales y Hermitage)'),
(757,12,'2025-10-21_08:00_10:00_Sala Hermitage','2025-07-07','08:00:00','10:00:00','confirmado','2025-10-21',NULL,'Sala Hermitage','Charla E1: riesgos en Internet (08.10h a 10.00h, Audiovisuales y Hermitage)'),
(758,12,'2025-05-22_16:30_18:30_Salón Champagnat','2025-07-07','16:30:00','18:30:00','confirmado','2025-05-22',NULL,'Salón Champagnat','Reunión Familias P5 y P6 (17.00h, salón de actos y aulas)'),
(759,12,'2025-10-23_16:00_18:30_Salón Champagnat','2025-07-07','16:00:00','18:30:00','confirmado','2025-10-23',NULL,'Salón Champagnat','Politeia (17.00h, Salón Champagnat)'),
(760,12,'2025-10-23_08:00_10:00_Sala Audiovisuales','2025-07-07','08:00:00','10:00:00','confirmado','2025-10-23',NULL,'Sala Audiovisuales','Charla E3: adicciones (08.10h a 10.00h, Audiovisuales y Hermitage)'),
(761,12,'2025-10-23_08:00_10:00_Sala Hermitage','2025-07-07','08:00:00','10:00:00','confirmado','2025-10-23',NULL,'Sala Hermitage','Charla E3: adicciones (08.10h a 10.00h, Audiovisuales y Hermitage)'),
(762,12,'2025-10-26_12:30_14:00_Salón Champagnat','2025-07-07','12:30:00','14:00:00','confirmado','2025-10-26',NULL,'Salón Champagnat','Eucaristía dominical (12.30h, Salón Champagnat)'),
(763,12,'2025-10-27_17:00_18:30_Sala Audiovisuales','2025-07-07','17:00:00','18:30:00','confirmado','2025-10-27',NULL,'Sala Audiovisuales','Reunión familias P3 catequesis Primera Comunión (17.00h, Sala audiovisuales)'),
(764,12,'2025-10-28_16:00_18:30_Salón Champagnat','2025-07-07','16:00:00','18:30:00','confirmado','2025-10-28',NULL,'Salón Champagnat','Politeia (17.00h, Salón Champagnat)'),
(765,12,'2025-10-28_08:00_10:00_Sala Audiovisuales','2025-07-07','08:00:00','10:00:00','confirmado','2025-10-28',NULL,'Sala Audiovisuales','Charla E2: Bandas juveniles (08.10h a 10.00h, Audiovisuales y Hermitage)'),
(766,12,'2025-10-28_08:00_10:00_Sala Hermitage','2025-07-07','08:00:00','10:00:00','confirmado','2025-10-28',NULL,'Sala Hermitage','Charla E2: Bandas juveniles (08.10h a 10.00h, Audiovisuales y Hermitage)'),
(767,12,'2025-10-30_16:00_18:30_Salón Champagnat','2025-07-07','16:00:00','18:30:00','confirmado','2025-10-30',NULL,'Salón Champagnat','Politeia (17.00h, Salón Champagnat)'),
(768,12,'2025-11-03_08:00_23:00_Festivo','2025-07-07','08:00:00','23:00:00','confirmado','2025-11-03',NULL,'Festivo','Día no lectivo'),
(769,12,'2025-11-04_16:00_18:30_Salón Champagnat','2025-07-07','16:00:00','18:30:00','confirmado','2025-11-04',NULL,'Salón Champagnat','Politeia (17.00h, Salón Champagnat)'),
(770,12,'2025-11-05_16:30_18:30_Sala Audiovisuales','2025-07-07','16:30:00','18:30:00','confirmado','2025-11-05',NULL,'Sala Audiovisuales','Politeia (17.00h, Audiovisuales)'),
(771,12,'2025-11-06_16:00_18:30_Salón Champagnat','2025-07-07','16:00:00','18:30:00','confirmado','2025-11-06',NULL,'Salón Champagnat','Politeia (17.00h, Salón Champagnat)'),
(772,12,'2025-11-07_14:45_16:30_Patio Columnas','2025-07-07','14:45:00','16:30:00','confirmado','2025-11-07',NULL,'Patio Columnas','Celebración Almudena Infantil (14.45h, patio columnas)'),
(773,12,'2025-11-11_16:00_18:30_Salón Champagnat','2025-07-07','16:00:00','18:30:00','confirmado','2025-11-11',NULL,'Salón Champagnat','Politeia (17.00h, Salón Champagnat)'),
(774,12,'2025-11-12_16:30_18:30_Sala Audiovisuales','2025-07-07','16:30:00','18:30:00','confirmado','2025-11-12',NULL,'Sala Audiovisuales','Politeia (17.00h, Audiovisuales)'),
(775,12,'2025-11-12_08:00_10:00_Sala Audiovisuales','2025-07-07','08:00:00','10:00:00','confirmado','2025-11-12',NULL,'Sala Audiovisuales','Charla B1: delitos de odio (08.10h a 10.00h, Audiovisuales y Hermitage)'),
(776,12,'2025-11-12_08:00_10:00_Sala Hermitage','2025-07-07','08:00:00','10:00:00','confirmado','2025-11-12',NULL,'Sala Hermitage','Charla B1: delitos de odio (08.10h a 10.00h, Audiovisuales y Hermitage)'),
(777,12,'2025-11-13_16:00_18:30_Salón Champagnat','2025-07-07','16:00:00','18:30:00','confirmado','2025-11-13',NULL,'Salón Champagnat','Politeia (17.00h, Salón Champagnat)'),
(778,12,'2025-11-10_08:00_23:00_Festivo','2025-07-07','08:00:00','23:00:00','confirmado','2025-11-10',NULL,'Festivo','Festivo'),
(779,12,'2025-11-14_16:30_18:30_Sala Audiovisuales','2025-07-07','16:30:00','18:30:00','confirmado','2025-11-14',NULL,'Sala Audiovisuales','Foro Maristas Chamberí (16.30h, Audiovisuales)'),
(780,12,'2025-11-16_12:30_14:00_Salón Champagnat','2025-07-07','12:30:00','14:00:00','confirmado','2025-11-16',NULL,'Salón Champagnat','Eucaristía dominical (12.30h, Salón Champagnat)'),
(781,12,'2025-11-18_16:00_18:30_Salón Champagnat','2025-07-07','16:00:00','18:30:00','confirmado','2025-11-18',NULL,'Salón Champagnat','Politeia (17.00h, Salón Champagnat)'),
(782,12,'2025-11-19_16:30_18:30_Sala Audiovisuales','2025-07-07','16:30:00','18:30:00','confirmado','2025-11-19',NULL,'Sala Audiovisuales','Politeia (17.00h, Audiovisuales)'),
(783,12,'2025-11-20_16:30_18:30_Salón Champagnat','2025-07-07','16:30:00','18:30:00','confirmado','2025-11-20',NULL,'Salón Champagnat','Politeia (17.00h, Salón Champagnat)'),
(784,12,'2025-11-22_08:00_23:00_Salón Champagnat','2025-07-07','08:00:00','23:00:00','confirmado','2025-11-22',NULL,'Salón Champagnat','Teatro solidario Cham-Cham'),
(785,12,'2025-11-23_12:30_14:00_Salón Champagnat','2025-07-07','12:30:00','14:00:00','confirmado','2025-11-23',NULL,'Salón Champagnat','Eucaristía dominical (12.30h, Salón Champagnat)'),
(786,12,'2025-11-25_16:00_18:30_Salón Champagnat','2025-07-07','16:00:00','18:30:00','confirmado','2025-11-25',NULL,'Salón Champagnat','Politeia (17.00h, Salón Champagnat)'),
(787,12,'2025-11-26_16:00_18:30_Sala Audiovisuales','2025-07-07','16:00:00','18:30:00','confirmado','2025-11-26',NULL,'Sala Audiovisuales','Politeia (17.00h, Audiovisuales)'),
(788,12,'2025-11-27_16:00_18:30_Salón Champagnat','2025-07-07','16:00:00','18:30:00','confirmado','2025-11-27',NULL,'Salón Champagnat','Politeia (17.00h, Salón Champagnat)'),
(789,12,'2025-11-29_08:00_23:00_Salón Champagnat','2025-07-07','08:00:00','23:00:00','confirmado','2025-11-29',NULL,'Salón Champagnat','Teatro solidario Cham-Cham'),
(790,12,'2025-11-30_12:30_14:00_Salón Champagnat','2025-07-07','12:30:00','14:00:00','confirmado','2025-11-30',NULL,'Salón Champagnat','Eucaristía dominical (12.30h, Salón Champagnat)'),
(791,12,'2025-12-02_16:00_18:30_Salón Champagnat','2025-07-07','16:00:00','18:30:00','confirmado','2025-12-02',NULL,'Salón Champagnat','Politeia (17.00h, Salón Champagnat)'),
(792,12,'2025-12-03_16:30_18:30_Sala Audiovisuales','2025-07-07','16:30:00','18:30:00','confirmado','2025-12-03',NULL,'Sala Audiovisuales','Politeia (17.00h, Audiovisuales)'),
(793,12,'2025-12-04_16:00_18:30_Salón Champagnat','2025-07-07','16:00:00','18:30:00','confirmado','2025-12-04',NULL,'Salón Champagnat','Politeia (17.00h, Salón Champagnat)'),
(794,12,'2025-12-08_08:00_23:00_Festivo','2025-07-07','08:00:00','23:00:00','confirmado','2025-12-08',NULL,'Festivo','Dia Festivo'),
(795,12,'0205-12-10_16:30_18:30_Salón Champagnat','2025-07-07','16:30:00','18:30:00','confirmado','0205-12-10',NULL,'Salón Champagnat','Concierto de Adviento (17.00h, Salón Champagnat)'),
(796,12,'2025-12-12_08:00_14:00_Salón Champagnat','2025-07-07','08:00:00','14:00:00','confirmado','2025-12-12',NULL,'Salón Champagnat','Festival Navidad Infantil (Toda la mañana, salón de actos)'),
(797,12,'2025-12-16_14:00_16:30_Salón Champagnat','2025-07-07','14:00:00','16:30:00','confirmado','2025-12-16',NULL,'Salón Champagnat','Festival de Navidad P5 y P6 (14.30h y 15.30h, Salón Champagnat)'),
(798,12,'2025-12-16_16:30_18:30_Salón Champagnat','2025-07-07','16:30:00','18:30:00','confirmado','2025-12-16',NULL,'Salón Champagnat','Politeia (17.00h, Salón Champagnat)'),
(799,12,'2025-12-17_14:00_16:30_Salón Champagnat','2025-07-07','14:00:00','16:30:00','confirmado','2025-12-17',NULL,'Salón Champagnat','Festival de Navidad P2 y P4 (14.30h y 15.30h, Salón Champagnat)'),
(800,12,'2005-12-18_14:00_16:30_Salón Champagnat','2025-07-07','14:00:00','16:30:00','confirmado','2005-12-18',NULL,'Salón Champagnat','Festival de Navidad P1 y P3 (14.30h y 15.30h, Salón Champagnat)'),
(801,12,'2025-12-18_16:30_18:30_Salón Champagnat','2025-07-07','16:30:00','18:30:00','confirmado','2025-12-18',NULL,'Salón Champagnat','Politeia (17.00h, Salón Champagnat)'),
(802,12,'2025-12-20_11:00_13:00_Salón Champagnat','2025-07-07','11:00:00','13:00:00','confirmado','2025-12-20',NULL,'Salón Champagnat','Concierto Navidad ESO (11.30h, Salón Champagnat)'),
(803,12,'2025-12-20_00:00_23:00_Festivo','2025-07-07','00:00:00','23:00:00','confirmado','2025-12-20',NULL,'Festivo','Vacaciones de Navidad'),
(804,12,'2025-12-21_00:00_23:00_Festivo','2025-07-07','00:00:00','23:00:00','confirmado','2025-12-21',NULL,'Festivo','Vacaciones de Navidad'),
(805,12,'2025-12-22_00:00_23:00_Festivo','2025-07-07','00:00:00','23:00:00','confirmado','2025-12-22',NULL,'Festivo','Vacaciones de Navidad'),
(806,12,'2025-12-23_00:00_23:00_Festivo','2025-07-07','00:00:00','23:00:00','confirmado','2025-12-23',NULL,'Festivo','Vacaciones de Navidad'),
(807,12,'2025-12-24_00:00_23:00_Festivo','2025-07-07','00:00:00','23:00:00','confirmado','2025-12-24',NULL,'Festivo','Vacaciones de Navidad'),
(808,12,'2025-12-25_00:00_23:00_Festivo','2025-07-07','00:00:00','23:00:00','confirmado','2025-12-25',NULL,'Festivo','Vacaciones de Navidad'),
(809,12,'2025-12-26_00:00_23:00_Festivo','2025-07-07','00:00:00','23:00:00','confirmado','2025-12-26',NULL,'Festivo','Vacaciones de Navidad'),
(810,12,'2025-12-27_00:00_23:00_Festivo','2025-07-07','00:00:00','23:00:00','confirmado','2025-12-27',NULL,'Festivo','Vacaciones de Navidad'),
(811,12,'2025-12-28_00:00_23:00_Festivo','2025-07-07','00:00:00','23:00:00','confirmado','2025-12-28',NULL,'Festivo','Vacaciones de Navidad'),
(812,12,'2025-12-29_00:00_23:00_Festivo','2025-07-07','00:00:00','23:00:00','confirmado','2025-12-29',NULL,'Festivo','Vacaciones de Navidad'),
(813,12,'2025-12-30_00:00_23:00_Festivo','2025-07-07','00:00:00','23:00:00','confirmado','2025-12-30',NULL,'Festivo','Vacaciones de Navidad'),
(814,12,'2025-12-31_00:00_23:00_Festivo','2025-07-07','00:00:00','23:00:00','confirmado','2025-12-31',NULL,'Festivo','Vacaciones de Navidad'),
(815,12,'2026-01-01_00:00_23:00_Festivo','2025-07-07','00:00:00','23:00:00','confirmado','2026-01-01',NULL,'Festivo','Vacaciones de Navidad'),
(816,12,'2026-01-02_00:00_23:00_Festivo','2025-07-07','00:00:00','23:00:00','confirmado','2026-01-02',NULL,'Festivo','Vacaciones de Navidad'),
(817,12,'2026-01-03_00:00_23:00_Festivo','2025-07-07','00:00:00','23:00:00','confirmado','2026-01-03',NULL,'Festivo','Vacaciones de Navidad'),
(818,12,'2026-01-04_00:00_23:00_Festivo','2025-07-07','00:00:00','23:00:00','confirmado','2026-01-04',NULL,'Festivo','Vacaciones de Navidad'),
(819,12,'2026-01-05_00:00_23:00_Festivo','2025-07-07','00:00:00','23:00:00','confirmado','2026-01-05',NULL,'Festivo','Vacaciones de Navidad'),
(820,12,'2025-01-06_00:00_23:00_Festivo','2025-07-07','00:00:00','23:00:00','confirmado','2025-01-06',NULL,'Festivo','Vacaciones de Navidad'),
(821,12,'2026-01-07_00:00_23:00_Festivo','2025-07-07','00:00:00','23:00:00','confirmado','2026-01-07',NULL,'Festivo','Vacaciones de Navidad'),
(822,12,'2026-01-11_12:30_14:00_Salón Champagnat','2025-07-07','12:30:00','14:00:00','confirmado','2026-01-11',NULL,'Salón Champagnat','Eucaristía dominical (12.30h, Salón Champagnat)'),
(823,12,'2026-01-13_16:00_18:30_Salón Champagnat','2025-07-07','16:00:00','18:30:00','confirmado','2026-01-13',NULL,'Salón Champagnat','Politeia (17.00h, Salón Champagnat)'),
(824,12,'2026-01-15_16:00_18:30_Salón Champagnat','2025-07-07','16:00:00','18:30:00','confirmado','2026-01-15',NULL,'Salón Champagnat','Politeia (17.00h, Salón Champagnat)'),
(825,12,'2026-01-18_12:30_14:00_Salón Champagnat','2025-07-07','12:30:00','14:00:00','confirmado','2026-01-18',NULL,'Salón Champagnat','Eucaristía dominical (12.30h, Salón Champagnat)'),
(826,12,'2026-01-19_17:00_18:30_Sala Audiovisuales','2025-07-07','17:00:00','18:30:00','confirmado','2026-01-19',NULL,'Sala Audiovisuales','Reunión familias E4 (17.00h, Sala audiovisuales)'),
(827,12,'2026-01-20_16:00_18:30_Salón Champagnat','2025-07-07','16:00:00','18:30:00','confirmado','2026-01-20',NULL,'Salón Champagnat','Politeia (17.00h, Salón Champagnat)'),
(828,12,'2026-01-22_16:00_18:30_Salón Champagnat','2025-07-07','16:00:00','18:30:00','confirmado','2026-01-22',NULL,'Salón Champagnat','Politeia (17.00h, Salón Champagnat)'),
(829,12,'2026-01-25_12:30_14:00_Salón Champagnat','2025-07-07','12:30:00','14:00:00','confirmado','2026-01-25',NULL,'Salón Champagnat','Eucaristía dominical (12.30h, Salón Champagnat'),
(830,12,'2026-01-26_17:00_18:30_Sala Audiovisuales','2025-07-07','17:00:00','18:30:00','confirmado','2026-01-26',NULL,'Sala Audiovisuales','Formación familias Primeras Comuniones P4 (17.00h, audiovisuales'),
(831,12,'2026-01-27_16:00_18:30_Salón Champagnat','2025-07-07','16:00:00','18:30:00','confirmado','2026-01-27',NULL,'Salón Champagnat','Politeia (17.00h, Salón Champagnat)'),
(832,12,'2025-01-29_16:00_18:30_Salón Champagnat','2025-07-07','16:00:00','18:30:00','confirmado','2025-01-29',NULL,'Salón Champagnat','Politeia (17.00h, Salón Champagnat)'),
(833,12,'2026-02-01_12:30_14:00_Salón Champagnat','2025-07-07','12:30:00','14:00:00','confirmado','2026-02-01',NULL,'Salón Champagnat','Eucaristía dominical (12.30h, Salón Champagnat)'),
(834,12,'2026-02-03_16:00_18:30_Salón Champagnat','2025-07-07','16:00:00','18:30:00','confirmado','2026-02-03',NULL,'Salón Champagnat','Politeia (17.00h, Salón Champagnat)'),
(835,12,'2026-02-05_16:00_18:30_Salón Champagnat','2025-07-07','16:00:00','18:30:00','confirmado','2026-02-05',NULL,'Salón Champagnat','Politeia (17.00h, Salón Champagnat)'),
(836,12,'2026-02-08_12:30_14:00_Salón Champagnat','2025-07-07','12:30:00','14:00:00','confirmado','2026-02-08',NULL,'Salón Champagnat','Eucaristía dominical (12.30h, Salón Champagnat)'),
(837,12,'2026-02-10_16:00_18:30_Salón Champagnat','2025-07-07','16:00:00','18:30:00','confirmado','2026-02-10',NULL,'Salón Champagnat','Politeia (17.00h, Salón Champagnat)'),
(838,12,'2026-01-12_09:00_11:30_Sala Hermitage','2025-07-07','09:00:00','11:30:00','confirmado','2026-01-12',NULL,'Sala Hermitage','Charla Acoso Escolar P5'),
(839,12,'2025-12-02_09:00_11:30_Sala Audiovisuales','2025-07-07','09:00:00','11:30:00','confirmado','2025-12-02',NULL,'Sala Audiovisuales','Ciberexperto P6'),
(840,12,'2025-12-02_09:00_11:30_Sala Hermitage','2025-07-07','09:00:00','11:30:00','confirmado','2025-12-02',NULL,'Sala Hermitage','Ciberexperto P6'),
(841,12,'2025-12-03_09:00_11:30_Sala Audiovisuales','2025-07-07','09:00:00','11:30:00','confirmado','2025-12-03',NULL,'Sala Audiovisuales','Ciberexperto P6'),
(842,12,'2025-12-03_09:00_11:30_Sala Hermitage','2025-07-07','09:00:00','11:30:00','confirmado','2025-12-03',NULL,'Sala Hermitage','Ciberexperto P6'),
(843,12,'2026-02-12_16:00_18:30_Salón Champagnat','2025-07-07','16:00:00','18:30:00','confirmado','2026-02-12',NULL,'Salón Champagnat','Politeia (17.00h, Salón Champagnat)'),
(844,12,'2026-02-15_12:30_14:00_Salón Champagnat','2025-07-07','12:30:00','14:00:00','confirmado','2026-02-15',NULL,'Salón Champagnat','Eucaristía dominical (12.30h, Salón Champagnat)'),
(845,12,'2025-02-17_16:00_18:30_Salón Champagnat','2025-07-07','16:00:00','18:30:00','confirmado','2025-02-17',NULL,'Salón Champagnat','Politeia (17.00h, Salón Champagnat)'),
(846,12,'2025-12-09_09:00_11:30_Sala Audiovisuales','2025-07-07','09:00:00','11:30:00','confirmado','2025-12-09',NULL,'Sala Audiovisuales','Ciberexperto P6'),
(847,12,'2025-12-09_09:00_11:30_Sala Hermitage','2025-07-07','09:00:00','11:30:00','confirmado','2025-12-09',NULL,'Sala Hermitage','Ciberexperto P6'),
(848,12,'2025-12-10_09:00_11:30_Sala Audiovisuales','2025-07-07','09:00:00','11:30:00','confirmado','2025-12-10',NULL,'Sala Audiovisuales','Ciberexperto P6'),
(849,12,'2025-12-10_09:00_11:30_Sala Hermitage','2025-07-07','09:00:00','11:30:00','confirmado','2025-12-10',NULL,'Sala Hermitage','Ciberexperto P6'),
(850,12,'2026-02-19_16:00_18:30_Salón Champagnat','2025-07-07','16:00:00','18:30:00','confirmado','2026-02-19',NULL,'Salón Champagnat','Politeia (17.00h, Salón Champagnat)'),
(851,12,'2026-02-20_16:30_18:30_Sala Audiovisuales','2025-07-07','16:30:00','18:30:00','confirmado','2026-02-20',NULL,'Sala Audiovisuales','Foro Maristas Chamberí (16.30h, Audiovisuales)'),
(852,12,'2026-02-22_12:30_14:00_Salón Champagnat','2025-07-07','12:30:00','14:00:00','confirmado','2026-02-22',NULL,'Salón Champagnat','Eucaristía dominical (12.30h, Salón Champagnat)'),
(853,12,'2025-02-24_16:00_18:30_Salón Champagnat','2025-07-07','16:00:00','18:30:00','confirmado','2025-02-24',NULL,'Salón Champagnat','Politeia (17.00h, Salón Champagnat'),
(854,12,'2026-02-26_16:00_18:30_Salón Champagnat','2025-07-07','16:00:00','18:30:00','confirmado','2026-02-26',NULL,'Salón Champagnat','Politeia (17.00h, Salón Champagnat'),
(855,12,'2026-03-01_12:30_14:00_Salón Champagnat','2025-07-07','12:30:00','14:00:00','confirmado','2026-03-01',NULL,'Salón Champagnat','Eucaristía dominical (12.30h, Salón Champagnat)'),
(856,12,'2026-03-02_17:00_18:30_Sala Audiovisuales','2025-07-07','17:00:00','18:30:00','confirmado','2026-03-02',NULL,'Sala Audiovisuales','Reunión Familias P6 con profesores ESO (17.00h, audiovisuales)'),
(857,12,'2026-03-03_16:00_18:30_Salón Champagnat','2025-07-07','16:00:00','18:30:00','confirmado','2026-03-03',NULL,'Salón Champagnat','Politeia (17.00h, Salón Champagnat)'),
(858,12,'2026-03-05_16:00_18:30_Salón Champagnat','2025-07-07','16:00:00','18:30:00','confirmado','2026-03-05',NULL,'Salón Champagnat','Politeia (17.00h, Salón Champagnat)'),
(859,12,'2026-03-08_12:30_14:00_Salón Champagnat','2025-07-07','12:30:00','14:00:00','confirmado','2026-03-08',NULL,'Salón Champagnat','Eucaristía dominical (12.30h, Salón Champagnat)'),
(860,12,'2026-03-10_16:00_18:30_Salón Champagnat','2025-07-07','16:00:00','18:30:00','confirmado','2026-03-10',NULL,'Salón Champagnat','Politeia (17.00h, Salón Champagnat)'),
(861,12,'2026-03-12_16:00_18:30_Salón Champagnat','2025-07-07','16:00:00','18:30:00','confirmado','2026-03-12',NULL,'Salón Champagnat','Politeia (17.00h, Salón Champagnat)'),
(862,12,'2026-03-15_12:30_14:00_Salón Champagnat','2025-07-07','12:30:00','14:00:00','confirmado','2026-03-15',NULL,'Salón Champagnat','Eucaristía dominical (12.30h, Salón Champagnat)'),
(863,12,'2026-03-22_12:30_14:00_Salón Champagnat','2025-07-07','12:30:00','14:00:00','confirmado','2026-03-22',NULL,'Salón Champagnat','Eucaristía dominical (12.30h, Salón Champagnat)'),
(864,12,'2026-03-27_00:00_23:00_Festivo','2025-07-07','00:00:00','23:00:00','confirmado','2026-03-27',NULL,'Festivo','Semana Santa'),
(865,12,'2026-03-28_00:00_23:00_Festivo','2025-07-07','00:00:00','23:00:00','confirmado','2026-03-28',NULL,'Festivo','Semana Santa'),
(866,12,'2026-03-29_00:00_23:00_Festivo','2025-07-07','00:00:00','23:00:00','confirmado','2026-03-29',NULL,'Festivo','Semana Santa'),
(867,12,'2026-03-30_00:00_23:00_Festivo','2025-07-07','00:00:00','23:00:00','confirmado','2026-03-30',NULL,'Festivo','Semana Santa'),
(868,12,'2026-03-31_00:00_23:00_Festivo','2025-07-07','00:00:00','23:00:00','confirmado','2026-03-31',NULL,'Festivo','Semana Santa'),
(869,12,'2026-04-01_00:00_23:00_Festivo','2025-07-07','00:00:00','23:00:00','confirmado','2026-04-01',NULL,'Festivo','Semana Santa'),
(870,12,'2026-04-02_00:00_23:00_Festivo','2025-07-07','00:00:00','23:00:00','confirmado','2026-04-02',NULL,'Festivo','Semana Santa'),
(871,12,'2026-04-03_00:00_23:00_Festivo','2025-07-07','00:00:00','23:00:00','confirmado','2026-04-03',NULL,'Festivo','Semana Santa'),
(872,12,'2026-04-04_00:00_23:00_Festivo','2025-07-07','00:00:00','23:00:00','confirmado','2026-04-04',NULL,'Festivo','Semana Santa'),
(873,12,'2026-04-05_00:00_23:00_Festivo','2025-07-07','00:00:00','23:00:00','confirmado','2026-04-05',NULL,'Festivo','Semana Santa'),
(874,12,'0026-04-06_00:00_23:00_Festivo','2025-07-07','00:00:00','23:00:00','confirmado','0026-04-06',NULL,'Festivo','Semana Santa'),
(875,12,'2026-04-07_16:00_18:30_Salón Champagnat','2025-07-07','16:00:00','18:30:00','confirmado','2026-04-07',NULL,'Salón Champagnat','Politeia (17.00h, Salón Champagnat)'),
(876,12,'2026-04-09_16:00_18:30_Salón Champagnat','2025-07-07','16:00:00','18:30:00','confirmado','2026-04-09',NULL,'Salón Champagnat','Politeia (17.00h, Salón Champagnat)'),
(877,12,'2026-04-14_16:00_18:30_Salón Champagnat','2025-07-07','16:00:00','18:30:00','confirmado','2026-04-14',NULL,'Salón Champagnat','Politeia (17.00h, Salón Champagnat)'),
(878,12,'2026-04-16_16:00_18:30_Salón Champagnat','2025-07-07','16:00:00','18:30:00','confirmado','2026-04-16',NULL,'Salón Champagnat','Politeia (17.00h, Salón Champagnat)'),
(879,12,'2026-04-19_12:30_14:00_Salón Champagnat','2025-07-07','12:30:00','14:00:00','confirmado','2026-04-19',NULL,'Salón Champagnat','Eucaristía dominical (12.30h, Salón Champagnat)'),
(880,12,'2026-04-21_16:00_18:30_Salón Champagnat','2025-07-07','16:00:00','18:30:00','confirmado','2026-04-21',NULL,'Salón Champagnat','Politeia (17.00h, Salón Champagnat'),
(881,12,'2026-04-23_16:00_18:30_Salón Champagnat','2025-07-07','16:00:00','18:30:00','confirmado','2026-04-23',NULL,'Salón Champagnat','Politeia (17.00h, Salón Champagnat'),
(882,12,'2026-04-24_16:30_18:30_Sala Audiovisuales','2025-07-07','16:30:00','18:30:00','confirmado','2026-04-24',NULL,'Sala Audiovisuales','Foro Maristas Chamberí (16.30h, Audiovisuales)'),
(883,12,'2026-04-26_12:30_14:00_Salón Champagnat','2025-07-07','12:30:00','14:00:00','confirmado','2026-04-26',NULL,'Salón Champagnat','Eucaristía dominical (12.30h, Salón Champagnat)'),
(884,12,'2026-04-28_16:00_18:30_Salón Champagnat','2025-07-07','16:00:00','18:30:00','confirmado','2026-04-28',NULL,'Salón Champagnat','Politeia (17.00h, Salón Champagnat)'),
(885,12,'2026-04-30_16:00_18:30_Salón Champagnat','2025-07-07','16:00:00','18:30:00','confirmado','2026-04-30',NULL,'Salón Champagnat','Politeia (17.00h, Salón Champagnat)'),
(886,12,'2026-05-05_16:00_18:30_Salón Champagnat','2025-07-07','16:00:00','18:30:00','confirmado','2026-05-05',NULL,'Salón Champagnat','Politeia (17.00h, Salón Champagnat)'),
(887,12,'2026-05-07_16:00_18:30_Salón Champagnat','2025-07-07','16:00:00','18:30:00','confirmado','2026-05-07',NULL,'Salón Champagnat','Politeia (17.00h, Salón Champagnat)'),
(888,12,'2026-05-08_14:00_18:30_Salón Champagnat','2025-07-07','14:00:00','18:30:00','confirmado','2026-05-08',NULL,'Salón Champagnat','Ensayo general teatro Cham-Cham (14.00h a 18.30h, Salón Champagnat)'),
(889,12,'2026-05-09_00:00_23:00_Salón Champagnat','2025-07-07','00:00:00','23:00:00','confirmado','2026-05-09',NULL,'Salón Champagnat','Teatro Cham-Cham (Salón Champagnat)'),
(890,12,'2026-05-10_12:30_14:00_Salón Champagnat','2025-07-07','12:30:00','14:00:00','confirmado','2026-05-10',NULL,'Salón Champagnat','Eucaristía dominical (12.30h, Salón Champagnat)'),
(891,12,'2026-05-13_16:00_22:00_Salón Champagnat','2025-07-07','16:00:00','22:00:00','confirmado','2026-05-13',NULL,'Salón Champagnat','Graduación B2 (Salón Champagnat)'),
(892,12,'2026-05-17_00:00_23:00_Festivo','2025-07-07','00:00:00','23:00:00','confirmado','2026-05-17',NULL,'Festivo','Festivo'),
(893,12,'2026-05-15_00:00_23:00_Festivo','2025-07-07','00:00:00','23:00:00','confirmado','2026-05-15',NULL,'Festivo','Festivo'),
(894,12,'2026-05-19_16:00_23:00_Salón Champagnat','2025-07-07','16:00:00','23:00:00','confirmado','2026-05-19',NULL,'Salón Champagnat','Politeia (17.00h, Salón Champagnat)'),
(895,12,'2026-05-21_00:00_23:00_Salón Champagnat','2025-07-07','00:00:00','23:00:00','confirmado','2026-05-21',NULL,'Salón Champagnat','Comuniones'),
(896,12,'2026-05-22_00:00_23:00_Salón Champagnat','2025-07-07','00:00:00','23:00:00','confirmado','2026-05-22',NULL,'Salón Champagnat','Comuniones'),
(897,12,'2026-05-23_00:00_23:00_Salón Champagnat','2025-07-07','00:00:00','23:00:00','confirmado','2026-05-23',NULL,'Salón Champagnat','Comuniones'),
(898,12,'2026-05-24_12:30_14:00_Salón Champagnat','2025-07-07','12:30:00','14:00:00','confirmado','2026-05-24',NULL,'Salón Champagnat','Eucaristía dominical (12.30h, Salón Champagnat)'),
(899,12,'2026-05-26_16:00_18:30_Salón Champagnat','2025-07-07','16:00:00','18:30:00','confirmado','2026-05-26',NULL,'Salón Champagnat','Politeia (17.00h, Salón Champagnat)'),
(900,12,'2026-05-28_16:00_18:30_Salón Champagnat','2025-07-07','16:00:00','18:30:00','confirmado','2026-05-28',NULL,'Salón Champagnat','Politeia (17.00h, Salón Champagnat)'),
(901,12,'2026-05-29_16:00_18:30_Salón Champagnat','2025-07-07','16:00:00','18:30:00','confirmado','2026-05-29',NULL,'Salón Champagnat','Oración mariana con abuelos (16.30h, Salón Champagnat)'),
(902,12,'2026-06-12_08:00_14:30_Salón Champagnat','2025-07-07','08:00:00','14:30:00','confirmado','2026-06-12',NULL,'Salón Champagnat','Acto académico B1'),
(903,12,'2026-06-16_09:00_13:00_Salón Champagnat','2025-07-07','09:00:00','13:00:00','confirmado','2026-06-16',NULL,'Salón Champagnat','Festival fin de curso P2 (09.00h, Salón Champagnat)'),
(904,12,'2026-06-17_09:00_13:00_Salón Champagnat','2025-07-07','09:00:00','13:00:00','confirmado','2026-06-17',NULL,'Salón Champagnat','Festival fin de curso P4 (09.00h, Salón Champagnat)'),
(905,12,'2026-06-18_09:00_11:00_Salón Champagnat','2025-07-07','09:00:00','11:00:00','confirmado','2026-06-18',NULL,'Salón Champagnat','Festival fin de curso P6 (09.00h, Salón Champagnat)'),
(906,12,'2026-06-18_11:00_13:00_Salón Champagnat','2025-07-07','11:00:00','13:00:00','confirmado','2026-06-18',NULL,'Salón Champagnat','Acto académico ESO (11.30h, Salón Champagnat)'),
(907,12,'2026-06-30_09:00_13:00_Salón Champagnat','2025-07-07','09:00:00','13:00:00','confirmado','2026-06-30',NULL,'Salón Champagnat','Claustro'),
(908,12,'2026-06-03_19:00_22:00_Salón Champagnat','2025-07-08','19:00:00','22:00:00','confirmado','2026-06-03',NULL,'Salón Champagnat','Politeia Cierre Curso'),
(909,34,'2025-09-22_09:30_17:30_Biblioteca P5','2025-09-04','09:30:00','17:30:00','confirmado','2025-09-22',NULL,'Biblioteca P5','Reunión Consejo de obras educativas'),
(910,34,'2025-09-04_11:30_14:30_Biblioteca P5','2025-09-04','11:30:00','14:30:00','confirmado','2025-09-04',NULL,'Biblioteca P5','Equipo directivo'),
(911,12,'2026-06-02_19:00_22:00_Salón Champagnat','2025-09-04','19:00:00','22:00:00','confirmado','2026-06-02',NULL,'Salón Champagnat','Politeia \\r\\nCierre de Curso'),
(912,12,'2025-09-16_12:30_13:10_Sala Audiovisuales','2025-09-15','12:30:00','13:10:00','confirmado','2025-09-16',NULL,'Sala Audiovisuales','Charla voluntariado Bachillerato Amanda Carmena'),
(913,12,'2025-09-16_12:30_13:10_Salón Champagnat','2025-09-15','12:30:00','13:10:00','confirmado','2025-09-16',NULL,'Salón Champagnat','Amanda Carmena Voluntariado Bachillerato\\r\\n'),
(914,12,'2025-10-24_08:00_14:00_Salón Champagnat','2025-09-16','08:00:00','14:00:00','confirmado','2025-10-24',NULL,'Salón Champagnat','Opera E1 E2, María González'),
(915,11,'2025-10-10_11:00_12:00_Sala Audiovisuales','2025-09-16','11:00:00','12:00:00','confirmado','2025-10-10',NULL,'Sala Audiovisuales','Alumnos mediadores María González'),
(916,11,'2025-10-03_10:30_14:00_Sala Audiovisuales','2025-09-18','10:30:00','14:00:00','confirmado','2025-10-03',NULL,'Sala Audiovisuales','Roberto sala cine'),
(917,11,'2026-01-23_08:00_14:00_Salón Champagnat','2025-09-18','08:00:00','14:00:00','confirmado','2026-01-23',NULL,'Salón Champagnat','Andrea León teatro'),
(918,11,'2025-10-02_13:15_14:30_Salón Champagnat','2025-09-19','13:15:00','14:30:00','confirmado','2025-10-02',NULL,'Salón Champagnat','Gabriel catequesis'),
(919,11,'2025-10-07_13:15_14:30_Salón Champagnat','2025-09-19','13:15:00','14:30:00','confirmado','2025-10-07',NULL,'Salón Champagnat','Gabriel catequesis'),
(920,12,'2025-10-02_17:00_20:00_Salón Champagnat','2025-09-22','17:00:00','20:00:00','confirmado','2025-10-02',NULL,'Salón Champagnat','Paloma Martin'),
(921,12,'2025-10-07_17:00_20:00_Salón Champagnat','2025-09-22','17:00:00','20:00:00','confirmado','2025-10-07',NULL,'Salón Champagnat','Paloma Martín'),
(922,12,'2025-10-15_17:00_20:00_Sala Audiovisuales','2025-09-22','17:00:00','20:00:00','confirmado','2025-10-15',NULL,'Sala Audiovisuales','Paloma Martin\\r\\n'),
(923,11,'2025-10-01_17:00_18:30_Sala Audiovisuales','2025-09-23','17:00:00','18:30:00','confirmado','2025-10-01',NULL,'Sala Audiovisuales','Reunión familias 1º Infantil'),
(924,11,'2025-12-10_15:30_17:00_Sala Audiovisuales','2025-09-25','15:30:00','17:00:00','confirmado','2025-12-10',NULL,'Sala Audiovisuales','Consejo Escolar Jorge Isidro'),
(925,11,'2026-03-04_15:30_17:00_Sala Audiovisuales','2025-09-25','15:30:00','17:00:00','confirmado','2026-03-04',NULL,'Sala Audiovisuales','Consejo Escolar Jorge Isidro'),
(926,11,'2026-06-29_15:30_17:00_Sala Audiovisuales','2025-09-25','15:30:00','17:00:00','confirmado','2026-06-29',NULL,'Sala Audiovisuales','Consejo Escolar Jorge Isidro'),
(927,11,'2025-12-16_18:30_23:00_Salón Champagnat','2025-09-25','18:30:00','23:00:00','confirmado','2025-12-16',NULL,'Salón Champagnat','Colegio Farmaceuticos'),
(928,12,'2025-12-12_15:00_18:00_Salón Champagnat','2025-09-29','15:00:00','18:00:00','confirmado','2025-12-12',NULL,'Salón Champagnat','Festival Invierno Larpi'),
(929,12,'2025-05-30_08:00_15:00_Sala Audiovisuales','2025-09-29','08:00:00','15:00:00','confirmado','2025-05-30',NULL,'Sala Audiovisuales','Festival Larpi\\r\\n'),
(930,12,'2025-05-29_18:30_20:00_Salón Champagnat','2025-09-29','18:30:00','20:00:00','confirmado','2025-05-29',NULL,'Salón Champagnat','Montaje Larpi\\r\\n'),
(931,12,'2025-10-17_11:00_14:00_Sala Audiovisuales','2025-09-30','11:00:00','14:00:00','confirmado','2025-10-17',NULL,'Sala Audiovisuales','Cine'),
(932,12,'2025-11-07_11:00_14:00_Sala Audiovisuales','2025-09-30','11:00:00','14:00:00','confirmado','2025-11-07',NULL,'Sala Audiovisuales','Cine'),
(933,12,'2025-11-21_11:00_14:00_Sala Audiovisuales','2025-09-30','11:00:00','14:00:00','confirmado','2025-11-21',NULL,'Sala Audiovisuales','Cine\\r\\n'),
(934,12,'2025-12-05_11:00_14:00_Sala Audiovisuales','2025-09-30','11:00:00','14:00:00','confirmado','2025-12-05',NULL,'Sala Audiovisuales','Cine'),
(935,12,'2026-01-09_11:00_14:00_Sala Audiovisuales','2025-09-30','11:00:00','14:00:00','confirmado','2026-01-09',NULL,'Sala Audiovisuales','Cine'),
(936,12,'2026-01-23_11:00_14:00_Sala Audiovisuales','2025-09-30','11:00:00','14:00:00','confirmado','2026-01-23',NULL,'Sala Audiovisuales','Cine'),
(937,12,'2026-02-06_11:00_14:00_Sala Audiovisuales','2025-09-30','11:00:00','14:00:00','confirmado','2026-02-06',NULL,'Sala Audiovisuales','Cine'),
(938,12,'2026-02-20_11:00_14:00_Sala Audiovisuales','2025-09-30','11:00:00','14:00:00','confirmado','2026-02-20',NULL,'Sala Audiovisuales','Cine'),
(939,12,'2026-03-06_11:00_14:00_Sala Audiovisuales','2025-09-30','11:00:00','14:00:00','confirmado','2026-03-06',NULL,'Sala Audiovisuales','Cine'),
(940,12,'2026-03-20_11:00_14:00_Sala Audiovisuales','2025-09-30','11:00:00','14:00:00','confirmado','2026-03-20',NULL,'Sala Audiovisuales','Cine'),
(941,12,'2026-04-10_11:00_14:00_Sala Audiovisuales','2025-09-30','11:00:00','14:00:00','confirmado','2026-04-10',NULL,'Sala Audiovisuales','Cine'),
(942,12,'2026-04-24_11:00_14:00_Sala Audiovisuales','2025-09-30','11:00:00','14:00:00','confirmado','2026-04-24',NULL,'Sala Audiovisuales','Cine'),
(943,12,'2026-05-08_11:00_14:00_Sala Audiovisuales','2025-09-30','11:00:00','14:00:00','confirmado','2026-05-08',NULL,'Sala Audiovisuales','Cine'),
(944,12,'2026-05-22_11:00_14:00_Sala Audiovisuales','2025-09-30','11:00:00','14:00:00','confirmado','2026-05-22',NULL,'Sala Audiovisuales','Cine\\r\\n'),
(945,12,'2026-06-05_11:00_14:00_Sala Audiovisuales','2025-09-30','11:00:00','14:00:00','confirmado','2026-06-05',NULL,'Sala Audiovisuales','Cine\\r\\n'),
(946,11,'2025-11-28_11:30_14:00_Sala Audiovisuales','2025-10-02','11:30:00','14:00:00','confirmado','2025-11-28',NULL,'Sala Audiovisuales','Charlas violencia Policía municipal\\r\\nMaría González'),
(947,12,'2025-12-18_14:00_16:30_Salón Champagnat','2025-10-02','14:00:00','16:30:00','confirmado','2025-12-18',NULL,'Salón Champagnat','Festival Navidad P1 y P2'),
(948,12,'2025-12-12_11:00_14:00_Sala Audiovisuales','2025-10-03','11:00:00','14:00:00','confirmado','2025-12-12',NULL,'Sala Audiovisuales','Cine\\r\\n'),
(949,11,'2025-10-20_09:00_10:00_Biblioteca P5','2025-10-06','09:00:00','10:00:00','confirmado','2025-10-20',NULL,'Biblioteca P5','TIAC'),
(950,11,'2025-10-27_09:00_10:00_Biblioteca P5','2025-10-06','09:00:00','10:00:00','confirmado','2025-10-27',NULL,'Biblioteca P5','TIAC'),
(951,11,'2025-11-10_09:00_10:00_Biblioteca P5','2025-10-06','09:00:00','10:00:00','confirmado','2025-11-10',NULL,'Biblioteca P5','TIAC'),
(952,11,'2025-11-17_09:00_10:00_Biblioteca P5','2025-10-06','09:00:00','10:00:00','confirmado','2025-11-17',NULL,'Biblioteca P5','TIAC'),
(953,11,'2025-11-24_09:00_10:00_Biblioteca P5','2025-10-06','09:00:00','10:00:00','confirmado','2025-11-24',NULL,'Biblioteca P5','TIAC'),
(954,11,'2025-12-15_09:00_10:00_Biblioteca P5','2025-10-06','09:00:00','10:00:00','confirmado','2025-12-15',NULL,'Biblioteca P5','TIAC'),
(955,11,'2026-01-12_09:00_10:00_Biblioteca P5','2025-10-06','09:00:00','10:00:00','confirmado','2026-01-12',NULL,'Biblioteca P5','TIAC'),
(956,11,'2026-12-19_09:00_10:00_Biblioteca P5','2025-10-06','09:00:00','10:00:00','confirmado','2026-12-19',NULL,'Biblioteca P5','TIAC'),
(957,11,'2026-01-26_09:00_10:00_Biblioteca P5','2025-10-06','09:00:00','10:00:00','confirmado','2026-01-26',NULL,'Biblioteca P5','TIAC'),
(958,11,'2026-02-02_09:00_10:00_Biblioteca P5','2025-10-06','09:00:00','10:00:00','confirmado','2026-02-02',NULL,'Biblioteca P5','TIAC'),
(959,11,'2026-02-09_09:00_10:00_Biblioteca P5','2025-10-06','09:00:00','10:00:00','confirmado','2026-02-09',NULL,'Biblioteca P5','TIAC'),
(960,11,'2026-02-16_09:00_10:00_Biblioteca P5','2025-10-06','09:00:00','10:00:00','confirmado','2026-02-16',NULL,'Biblioteca P5','TIAC'),
(961,11,'2026-02-23_09:00_10:00_Biblioteca P5','2025-10-06','09:00:00','10:00:00','confirmado','2026-02-23',NULL,'Biblioteca P5','TIAC'),
(962,11,'2026-03-02_09:00_10:00_Biblioteca P5','2025-10-06','09:00:00','10:00:00','confirmado','2026-03-02',NULL,'Biblioteca P5','TIAC'),
(963,11,'2026-03-09_09:00_10:00_Biblioteca P5','2025-10-06','09:00:00','10:00:00','confirmado','2026-03-09',NULL,'Biblioteca P5','TIAC'),
(964,11,'2026-03-16_09:00_10:00_Biblioteca P5','2025-10-06','09:00:00','10:00:00','confirmado','2026-03-16',NULL,'Biblioteca P5','TIAC'),
(965,11,'2026-03-23_09:00_10:00_Biblioteca P5','2025-10-06','09:00:00','10:00:00','confirmado','2026-03-23',NULL,'Biblioteca P5','TIAC'),
(966,11,'2026-04-13_09:00_10:00_Biblioteca P5','2025-10-06','09:00:00','10:00:00','confirmado','2026-04-13',NULL,'Biblioteca P5','TIAC'),
(967,11,'2026-04-20_09:00_10:00_Biblioteca P5','2025-10-06','09:00:00','10:00:00','confirmado','2026-04-20',NULL,'Biblioteca P5','TIAC'),
(968,11,'2026-04-27_09:00_10:00_Biblioteca P5','2025-10-06','09:00:00','10:00:00','confirmado','2026-04-27',NULL,'Biblioteca P5','TIAC'),
(969,11,'2026-05-04_09:00_10:00_Biblioteca P5','2025-10-06','09:00:00','10:00:00','confirmado','2026-05-04',NULL,'Biblioteca P5','TIAC'),
(970,11,'2026-05-11_09:00_10:00_Biblioteca P5','2025-10-06','09:00:00','10:00:00','confirmado','2026-05-11',NULL,'Biblioteca P5','TIAC'),
(971,11,'2026-05-18_09:00_10:00_Biblioteca P5','2025-10-06','09:00:00','10:00:00','confirmado','2026-05-18',NULL,'Biblioteca P5','TIAC'),
(972,11,'2026-05-25_09:00_10:00_Biblioteca P5','2025-10-06','09:00:00','10:00:00','confirmado','2026-05-25',NULL,'Biblioteca P5','TIAC'),
(973,11,'2025-10-07_10:15_11:00_Sala Audiovisuales','2025-10-06','10:15:00','11:00:00','confirmado','2025-10-07',NULL,'Sala Audiovisuales','Gabriel Carbajo'),
(974,12,'2025-10-20_17:00_18:00_Sala Audiovisuales','2025-10-07','17:00:00','18:00:00','confirmado','2025-10-20',NULL,'Sala Audiovisuales','Inmersión Lingüistica Carmen Bocho'),
(975,12,'2025-10-22_17:00_18:00_Salón Champagnat','2025-10-07','17:00:00','18:00:00','confirmado','2025-10-22',NULL,'Salón Champagnat','Pablo Beltran'),
(976,12,'2025-10-08_16:00_18:00_Sala Audiovisuales','2025-10-07','16:00:00','18:00:00','confirmado','2025-10-08',NULL,'Sala Audiovisuales','Larpi'),
(977,12,'2025-10-22_17:00_20:00_Sala Audiovisuales','2025-10-07','17:00:00','20:00:00','confirmado','2025-10-22',NULL,'Sala Audiovisuales','Paloma Martin'),
(978,12,'2025-10-15_17:00_20:00_Salón Champagnat','2025-10-07','17:00:00','20:00:00','confirmado','2025-10-15',NULL,'Salón Champagnat','Paloma Martin'),
(979,12,'2025-10-29_16:30_18:00_Sala Audiovisuales','2025-10-07','16:30:00','18:00:00','confirmado','2025-10-29',NULL,'Sala Audiovisuales','Larpì'),
(980,12,'2025-10-20_15:25_16:20_Sala Audiovisuales','2025-10-07','15:25:00','16:20:00','confirmado','2025-10-20',NULL,'Sala Audiovisuales','Pedro Pablo'),
(981,12,'2025-10-20_15:25_16:20_Salón Champagnat','2025-10-07','15:25:00','16:20:00','confirmado','2025-10-20',NULL,'Salón Champagnat','Pedro Pablo'),
(982,12,'2025-10-21_13:10_14:25_Sala Audiovisuales','2025-10-07','13:10:00','14:25:00','confirmado','2025-10-21',NULL,'Sala Audiovisuales','Pedro Pablo'),
(983,12,'2025-10-21_13:10_14:05_Salón Champagnat','2025-10-07','13:10:00','14:05:00','confirmado','2025-10-21',NULL,'Salón Champagnat','Pedro Pablo'),
(984,11,'2025-11-28_15:30_20:00_Salón Champagnat','2025-10-07','15:30:00','20:00:00','confirmado','2025-11-28',NULL,'Salón Champagnat','Cham Cham');
/*!40000 ALTER TABLE `reservas` ENABLE KEYS */;
UNLOCK TABLES;

--
-- Table structure for table `roles`
--

DROP TABLE IF EXISTS `roles`;
/*!40101 SET @saved_cs_client     = @@character_set_client */;
/*!40101 SET character_set_client = utf8mb4 */;
CREATE TABLE `roles` (
  `id` int(11) NOT NULL AUTO_INCREMENT,
  `nombre` varchar(255) NOT NULL,
  PRIMARY KEY (`id`)
) ENGINE=InnoDB AUTO_INCREMENT=4 DEFAULT CHARSET=utf8mb4 COLLATE=utf8mb4_general_ci;
/*!40101 SET character_set_client = @saved_cs_client */;

--
-- Dumping data for table `roles`
--

LOCK TABLES `roles` WRITE;
/*!40000 ALTER TABLE `roles` DISABLE KEYS */;
INSERT INTO `roles` VALUES
(1,'admin'),
(3,'usuario');
/*!40000 ALTER TABLE `roles` ENABLE KEYS */;
UNLOCK TABLES;

--
-- Table structure for table `solicitudes`
--

DROP TABLE IF EXISTS `solicitudes`;
/*!40101 SET @saved_cs_client     = @@character_set_client */;
/*!40101 SET character_set_client = utf8mb4 */;
CREATE TABLE `solicitudes` (
  `id_solicitud` int(11) NOT NULL AUTO_INCREMENT,
  `id_usuario` int(11) NOT NULL,
  `id_espacio` int(11) NOT NULL,
  `fecha` date NOT NULL,
  `hora_inicio` time NOT NULL,
  `hora_fin` time NOT NULL,
  `estado` enum('pendiente','aprobada','rechazada') DEFAULT 'pendiente',
  `fecha_solicitud` timestamp NOT NULL DEFAULT current_timestamp(),
  PRIMARY KEY (`id_solicitud`),
  KEY `id_usuario` (`id_usuario`),
  CONSTRAINT `solicitudes_ibfk_1` FOREIGN KEY (`id_usuario`) REFERENCES `usuarios` (`id_usuario`) ON DELETE CASCADE
) ENGINE=InnoDB DEFAULT CHARSET=utf8mb4 COLLATE=utf8mb4_general_ci;
/*!40101 SET character_set_client = @saved_cs_client */;

--
-- Dumping data for table `solicitudes`
--

LOCK TABLES `solicitudes` WRITE;
/*!40000 ALTER TABLE `solicitudes` DISABLE KEYS */;
/*!40000 ALTER TABLE `solicitudes` ENABLE KEYS */;
UNLOCK TABLES;

--
-- Table structure for table `usuarios`
--

DROP TABLE IF EXISTS `usuarios`;
/*!40101 SET @saved_cs_client     = @@character_set_client */;
/*!40101 SET character_set_client = utf8mb4 */;
CREATE TABLE `usuarios` (
  `id_usuario` int(11) NOT NULL AUTO_INCREMENT,
  `nombre` varchar(100) NOT NULL,
  `fecha_registro` timestamp NOT NULL DEFAULT current_timestamp(),
  `rol_id` int(11) NOT NULL DEFAULT 3,
  PRIMARY KEY (`id_usuario`)
) ENGINE=InnoDB AUTO_INCREMENT=52 DEFAULT CHARSET=utf8mb4 COLLATE=utf8mb4_general_ci;
/*!40101 SET character_set_client = @saved_cs_client */;

--
-- Dumping data for table `usuarios`
--

LOCK TABLES `usuarios` WRITE;
/*!40000 ALTER TABLE `usuarios` DISABLE KEYS */;
INSERT INTO `usuarios` VALUES
(2,'mi010.josediaber','2024-10-01 08:56:27',1),
(9,'alberto.leon','2024-11-20 11:12:13',3),
(10,'pablo','2024-11-20 11:13:33',1),
(11,'josemanuel.manovel','2024-11-26 11:19:26',1),
(12,'mi010.albertrebsan','2024-11-26 11:30:38',3),
(34,'jorge.isidro','2024-12-17 14:23:37',1),
(35,'josemanuel.seijas','2024-12-18 13:39:16',3),
(36,'paloma.martin','2025-01-09 09:13:02',3),
(37,'ana.garcia','2025-01-14 14:22:55',3),
(38,'mi010.clarabenuza','2025-01-21 06:25:39',3),
(39,'carmen.bocho','2025-01-27 22:09:37',3),
(40,'andrea.leon','2025-02-04 07:50:02',3),
(41,'alfredo.navas','2025-03-11 09:53:54',3),
(42,'jose.diaz','2025-03-11 14:47:09',3),
(43,'javier.cerezo','2025-03-17 14:40:51',3),
(44,'practicas.chamberi','2025-03-19 13:39:27',3),
(45,'maria.gonzalez','2025-04-30 08:02:20',3),
(46,'blanca.barrio','2025-05-05 11:23:08',3),
(47,'patricia.cordero','2025-06-18 19:54:34',3),
(48,'gabriel.carbajo','2025-09-07 16:09:55',3),
(49,'gerardo.franco','2025-09-09 08:04:03',3),
(50,'sonsoles.martin','2025-09-25 13:28:05',3),
(51,'maria.torres.vivas','2025-10-02 11:07:18',3),
(52, 'admin1@example.com','2025-10-15 16:26:10',1);
/*!40000 ALTER TABLE `usuarios` ENABLE KEYS */;
UNLOCK TABLES;
/*!40103 SET TIME_ZONE=@OLD_TIME_ZONE */;

/*!40101 SET SQL_MODE=@OLD_SQL_MODE */;
/*!40014 SET FOREIGN_KEY_CHECKS=@OLD_FOREIGN_KEY_CHECKS */;
/*!40014 SET UNIQUE_CHECKS=@OLD_UNIQUE_CHECKS */;
/*!40101 SET CHARACTER_SET_CLIENT=@OLD_CHARACTER_SET_CLIENT */;
/*!40101 SET CHARACTER_SET_RESULTS=@OLD_CHARACTER_SET_RESULTS */;
/*!40101 SET COLLATION_CONNECTION=@OLD_COLLATION_CONNECTION */;
/*!40111 SET SQL_NOTES=@OLD_SQL_NOTES */;

-- Dump completed on 2025-10-08  9:41:42

ALTER TABLE `reservas`
CHANGE COLUMN `fecha` `fecha_inicio` DATE NOT NULL;

-- Añadir la columna `fecha_fin` para reservas periódicas, NULL por defecto
ALTER TABLE `reservas`
ADD COLUMN `fecha_fin` DATE DEFAULT NULL AFTER `fecha_inicio`;